-- ============================================================================
-- ChannelBoost / AppVentory AI Engineer Assignment
-- MySQL schema (translated from SQLite source). Tables are ordered so that
-- every foreign key references a table already created above it.
-- Target: MySQL 8.0+
-- ============================================================================

SET NAMES utf8mb4;
SET FOREIGN_KEY_CHECKS = 0;

-- ----------------------------------------------------------------------------
CREATE TABLE regions (
    region_id   INT AUTO_INCREMENT PRIMARY KEY,
    region_name VARCHAR(100) NOT NULL,
    country     VARCHAR(100) NOT NULL
) ENGINE=InnoDB DEFAULT CHARSET=utf8mb4;

CREATE TABLE addresses (
    address_id  INT AUTO_INCREMENT PRIMARY KEY,
    street      VARCHAR(255) NOT NULL,
    city        VARCHAR(120) NOT NULL,
    state       VARCHAR(50),
    postal_code VARCHAR(20),
    region_id   INT,
    CONSTRAINT fk_addresses_region FOREIGN KEY (region_id) REFERENCES regions(region_id)
) ENGINE=InnoDB DEFAULT CHARSET=utf8mb4;

CREATE TABLE customers (
    customer_id     INT AUTO_INCREMENT PRIMARY KEY,
    customer_name   VARCHAR(255) NOT NULL,
    email           VARCHAR(255),
    phone           VARCHAR(50),
    address_id      INT,
    segment         ENUM('Enterprise','SMB','Individual'),
    customer_since  DATE,
    CONSTRAINT fk_customers_address FOREIGN KEY (address_id) REFERENCES addresses(address_id)
) ENGINE=InnoDB DEFAULT CHARSET=utf8mb4;

CREATE TABLE product_categories (
    category_id     INT AUTO_INCREMENT PRIMARY KEY,
    category_name   VARCHAR(150) NOT NULL,
    description     VARCHAR(500)
) ENGINE=InnoDB DEFAULT CHARSET=utf8mb4;

CREATE TABLE products (
    product_id  INT AUTO_INCREMENT PRIMARY KEY,
    sku         VARCHAR(50) UNIQUE NOT NULL,
    product_name VARCHAR(255) NOT NULL,
    category_id INT,
    unit_price  DECIMAL(12,2) NOT NULL,
    unit_cost   DECIMAL(12,2) NOT NULL,
    is_active   TINYINT(1) DEFAULT 1,
    CONSTRAINT fk_products_category FOREIGN KEY (category_id) REFERENCES product_categories(category_id)
) ENGINE=InnoDB DEFAULT CHARSET=utf8mb4;

CREATE TABLE warehouses (
    warehouse_id    INT AUTO_INCREMENT PRIMARY KEY,
    warehouse_name  VARCHAR(150) NOT NULL,
    address_id      INT,
    capacity_units  INT,
    CONSTRAINT fk_warehouses_address FOREIGN KEY (address_id) REFERENCES addresses(address_id)
) ENGINE=InnoDB DEFAULT CHARSET=utf8mb4;

CREATE TABLE inventory (
    inventory_id        INT AUTO_INCREMENT PRIMARY KEY,
    product_id          INT,
    warehouse_id        INT,
    quantity_on_hand    INT NOT NULL,
    reorder_level       INT NOT NULL,
    CONSTRAINT fk_inventory_product FOREIGN KEY (product_id) REFERENCES products(product_id),
    CONSTRAINT fk_inventory_warehouse FOREIGN KEY (warehouse_id) REFERENCES warehouses(warehouse_id)
) ENGINE=InnoDB DEFAULT CHARSET=utf8mb4;

CREATE TABLE departments (
    department_id   INT AUTO_INCREMENT PRIMARY KEY,
    department_name VARCHAR(100) NOT NULL
) ENGINE=InnoDB DEFAULT CHARSET=utf8mb4;

CREATE TABLE employees (
    employee_id     INT AUTO_INCREMENT PRIMARY KEY,
    first_name      VARCHAR(100) NOT NULL,
    last_name       VARCHAR(100) NOT NULL,
    email           VARCHAR(255),
    department_id   INT,
    manager_id      INT,
    job_title       VARCHAR(150),
    hire_date       DATE,
    salary          DECIMAL(12,2),
    CONSTRAINT fk_employees_department FOREIGN KEY (department_id) REFERENCES departments(department_id),
    CONSTRAINT fk_employees_manager FOREIGN KEY (manager_id) REFERENCES employees(employee_id)
) ENGINE=InnoDB DEFAULT CHARSET=utf8mb4;

CREATE TABLE sales_teams (
    team_id     INT AUTO_INCREMENT PRIMARY KEY,
    team_name   VARCHAR(150) NOT NULL,
    region_id   INT,
    manager_id  INT,
    CONSTRAINT fk_salesteams_region FOREIGN KEY (region_id) REFERENCES regions(region_id),
    CONSTRAINT fk_salesteams_manager FOREIGN KEY (manager_id) REFERENCES employees(employee_id)
) ENGINE=InnoDB DEFAULT CHARSET=utf8mb4;

CREATE TABLE team_members (
    team_member_id  INT AUTO_INCREMENT PRIMARY KEY,
    team_id         INT,
    employee_id     INT,
    role_on_team    VARCHAR(100),
    CONSTRAINT fk_teammembers_team FOREIGN KEY (team_id) REFERENCES sales_teams(team_id),
    CONSTRAINT fk_teammembers_employee FOREIGN KEY (employee_id) REFERENCES employees(employee_id)
) ENGINE=InnoDB DEFAULT CHARSET=utf8mb4;

CREATE TABLE sales_targets (
    target_id       INT AUTO_INCREMENT PRIMARY KEY,
    team_id         INT,
    period          VARCHAR(20) NOT NULL,
    target_amount   DECIMAL(14,2) NOT NULL,
    achieved_amount DECIMAL(14,2) NOT NULL,
    avg_csat_score  DECIMAL(3,2),
    CONSTRAINT fk_salestargets_team FOREIGN KEY (team_id) REFERENCES sales_teams(team_id)
) ENGINE=InnoDB DEFAULT CHARSET=utf8mb4;

CREATE TABLE orders (
    order_id    INT AUTO_INCREMENT PRIMARY KEY,
    customer_id INT,
    employee_id INT,
    order_date  DATE NOT NULL,
    status      ENUM('Completed','Pending','Cancelled','Returned'),
    region_id   INT,
    CONSTRAINT fk_orders_customer FOREIGN KEY (customer_id) REFERENCES customers(customer_id),
    CONSTRAINT fk_orders_employee FOREIGN KEY (employee_id) REFERENCES employees(employee_id),
    CONSTRAINT fk_orders_region FOREIGN KEY (region_id) REFERENCES regions(region_id)
) ENGINE=InnoDB DEFAULT CHARSET=utf8mb4;

CREATE TABLE order_items (
    order_item_id   INT AUTO_INCREMENT PRIMARY KEY,
    order_id        INT,
    product_id      INT,
    quantity        INT NOT NULL,
    unit_price      DECIMAL(12,2) NOT NULL,
    discount_pct    DECIMAL(5,2) DEFAULT 0,
    CONSTRAINT fk_orderitems_order FOREIGN KEY (order_id) REFERENCES orders(order_id),
    CONSTRAINT fk_orderitems_product FOREIGN KEY (product_id) REFERENCES products(product_id)
) ENGINE=InnoDB DEFAULT CHARSET=utf8mb4;

CREATE TABLE invoices (
    invoice_id      INT AUTO_INCREMENT PRIMARY KEY,
    order_id        INT,
    invoice_date    DATE NOT NULL,
    due_date        DATE NOT NULL,
    total_amount    DECIMAL(14,2) NOT NULL,
    status          ENUM('Paid','Unpaid','Overdue','Partially Paid'),
    CONSTRAINT fk_invoices_order FOREIGN KEY (order_id) REFERENCES orders(order_id)
) ENGINE=InnoDB DEFAULT CHARSET=utf8mb4;

CREATE TABLE payments (
    payment_id      INT AUTO_INCREMENT PRIMARY KEY,
    invoice_id      INT,
    payment_date    DATE NOT NULL,
    amount          DECIMAL(14,2) NOT NULL,
    method          VARCHAR(50),
    CONSTRAINT fk_payments_invoice FOREIGN KEY (invoice_id) REFERENCES invoices(invoice_id)
) ENGINE=InnoDB DEFAULT CHARSET=utf8mb4;

CREATE TABLE returns (
    return_id       INT AUTO_INCREMENT PRIMARY KEY,
    order_item_id   INT,
    return_date     DATE NOT NULL,
    reason          VARCHAR(255),
    refund_amount   DECIMAL(12,2) NOT NULL,
    CONSTRAINT fk_returns_orderitem FOREIGN KEY (order_item_id) REFERENCES order_items(order_item_id)
) ENGINE=InnoDB DEFAULT CHARSET=utf8mb4;

CREATE TABLE vendors (
    vendor_id       INT AUTO_INCREMENT PRIMARY KEY,
    vendor_name     VARCHAR(255) NOT NULL,
    vendor_tier     ENUM('Strategic Partner','Preferred','Standard'),
    contact_email   VARCHAR(255),
    contact_phone   VARCHAR(50),
    address_id      INT,
    CONSTRAINT fk_vendors_address FOREIGN KEY (address_id) REFERENCES addresses(address_id)
) ENGINE=InnoDB DEFAULT CHARSET=utf8mb4;

CREATE TABLE vendor_contracts (
    contract_id                 INT AUTO_INCREMENT PRIMARY KEY,
    vendor_id                   INT,
    start_date                  DATE,
    end_date                    DATE,
    payment_terms_days          INT NOT NULL,
    early_payment_discount_pct  DECIMAL(5,2) DEFAULT 0,
    status                      ENUM('Active','Expired','Terminated'),
    CONSTRAINT fk_vendorcontracts_vendor FOREIGN KEY (vendor_id) REFERENCES vendors(vendor_id)
) ENGINE=InnoDB DEFAULT CHARSET=utf8mb4;

CREATE TABLE purchase_orders (
    po_id               INT AUTO_INCREMENT PRIMARY KEY,
    vendor_id           INT,
    employee_id         INT,
    po_date             DATE NOT NULL,
    status              ENUM('Open','Received','Cancelled'),
    expected_delivery   DATE,
    CONSTRAINT fk_po_vendor FOREIGN KEY (vendor_id) REFERENCES vendors(vendor_id),
    CONSTRAINT fk_po_employee FOREIGN KEY (employee_id) REFERENCES employees(employee_id)
) ENGINE=InnoDB DEFAULT CHARSET=utf8mb4;

CREATE TABLE purchase_order_items (
    po_item_id  INT AUTO_INCREMENT PRIMARY KEY,
    po_id       INT,
    product_id  INT,
    quantity    INT NOT NULL,
    unit_cost   DECIMAL(12,2) NOT NULL,
    CONSTRAINT fk_poitems_po FOREIGN KEY (po_id) REFERENCES purchase_orders(po_id),
    CONSTRAINT fk_poitems_product FOREIGN KEY (product_id) REFERENCES products(product_id)
) ENGINE=InnoDB DEFAULT CHARSET=utf8mb4;

CREATE TABLE vendor_invoices (
    vendor_invoice_id   INT AUTO_INCREMENT PRIMARY KEY,
    po_id               INT,
    invoice_date        DATE NOT NULL,
    due_date            DATE NOT NULL,
    amount              DECIMAL(14,2) NOT NULL,
    paid_amount         DECIMAL(14,2) NOT NULL DEFAULT 0,
    status              ENUM('Paid','Pending','Overdue'),
    CONSTRAINT fk_vendorinvoices_po FOREIGN KEY (po_id) REFERENCES purchase_orders(po_id)
) ENGINE=InnoDB DEFAULT CHARSET=utf8mb4;

CREATE TABLE travel_requests (
    travel_request_id   INT AUTO_INCREMENT PRIMARY KEY,
    employee_id         INT,
    destination_country VARCHAR(100) NOT NULL,
    destination_city    VARCHAR(100),
    trip_type           ENUM('Domestic','International'),
    purpose             VARCHAR(255),
    start_date          DATE NOT NULL,
    end_date            DATE NOT NULL,
    status              ENUM('Approved','Pending','Rejected'),
    approved_by         INT,
    CONSTRAINT fk_travelreq_employee FOREIGN KEY (employee_id) REFERENCES employees(employee_id),
    CONSTRAINT fk_travelreq_approver FOREIGN KEY (approved_by) REFERENCES employees(employee_id)
) ENGINE=InnoDB DEFAULT CHARSET=utf8mb4;

CREATE TABLE travel_expenses (
    expense_id          INT AUTO_INCREMENT PRIMARY KEY,
    travel_request_id   INT,
    expense_date        DATE NOT NULL,
    expense_type        ENUM('Meals','Hotel','Airfare','Ground Transport','Other'),
    amount              DECIMAL(12,2) NOT NULL,
    currency            VARCHAR(10) DEFAULT 'USD',
    receipt_provided    TINYINT(1) NOT NULL,
    notes               VARCHAR(500),
    CONSTRAINT fk_travelexp_request FOREIGN KEY (travel_request_id) REFERENCES travel_requests(travel_request_id)
) ENGINE=InnoDB DEFAULT CHARSET=utf8mb4;

CREATE TABLE incentive_payouts (
    payout_id       INT AUTO_INCREMENT PRIMARY KEY,
    employee_id     INT,
    period          VARCHAR(20) NOT NULL,
    bonus_amount    DECIMAL(12,2) NOT NULL,
    reason          VARCHAR(255),
    approved_by     INT,
    CONSTRAINT fk_incentive_employee FOREIGN KEY (employee_id) REFERENCES employees(employee_id),
    CONSTRAINT fk_incentive_approver FOREIGN KEY (approved_by) REFERENCES employees(employee_id)
) ENGINE=InnoDB DEFAULT CHARSET=utf8mb4;

SET FOREIGN_KEY_CHECKS = 1;
-- Auto-generated data export from enterprise_orders.db (SQLite) -> MySQL
SET NAMES utf8mb4;
SET FOREIGN_KEY_CHECKS = 0;

-- regions: 8 rows
INSERT INTO `regions` (`region_id`, `region_name`, `country`) VALUES
(1, 'North America - East', 'USA'),
(2, 'North America - West', 'USA'),
(3, 'EMEA', 'United Kingdom'),
(4, 'EMEA', 'Germany'),
(5, 'APAC', 'India'),
(6, 'APAC', 'Singapore'),
(7, 'LATAM', 'Brazil'),
(8, 'Canada', 'Canada');

-- addresses: 220 rows
INSERT INTO `addresses` (`address_id`, `street`, `city`, `state`, `postal_code`, `region_id`) VALUES
(1, '43321 Brittany Bypass', 'North Jefferyhaven', 'PA', '03979', 2),
(2, '863 Lawrence Valleys', 'Port Lindachester', 'MA', '36922', 1),
(3, '51161 Abbott Rapids', 'Lindsaymouth', 'ND', '16862', 5),
(4, '84959 Janet Cape Apt. 413', 'South Joshuastad', 'GA', '49021', 4),
(5, '41928 Frank Light Suite 835', 'East Lydiamouth', 'MO', '35594', 4),
(6, '95376 Thomas Dam', 'Lake Anna', 'KS', '98413', 3),
(7, '653 William Course Apt. 122', 'Carlsonfurt', 'MS', '78605', 2),
(8, '480 Erin Plain Suite 514', 'Mooretown', 'VA', '94830', 2),
(9, '281 Skinner Parkways Apt. 252', 'New Mariotown', 'DE', '48077', 7),
(10, '03911 Cabrera Trace Apt. 278', 'West Allison', 'PA', '55962', 1),
(11, '346 Kim Path', 'Martinezbury', 'CA', '44814', 1),
(12, '839 Adrian Station', 'East Carloston', 'VI', '43810', 2),
(13, '347 Amber Stream', 'Sanchezfort', 'AS', '53855', 4),
(14, '16566 Shields Center', 'North Richardmouth', 'AS', '14823', 4),
(15, '38726 Joshua Gateway', 'South Lindseyside', 'CT', '07131', 1),
(16, '32677 Michelle Circle', 'South Aaron', 'MS', '35261', 4),
(17, '6872 Kenneth Centers Apt. 500', 'Shawhaven', 'GA', '07956', 7),
(18, '19136 Shelly Port', 'New Brooke', 'RI', '11246', 4),
(19, '998 Donovan Ford Suite 346', 'Lake Debbie', 'NH', '41942', 8),
(20, '79911 William Curve', 'Nicolebury', 'MN', '37854', 5),
(21, '8498 Elizabeth Plaza', 'Sarahville', 'FM', '18102', 1),
(22, '18244 Jennifer Ford Suite 874', 'North Cynthiaview', 'AZ', '00965', 3),
(23, '42786 Daniel Spurs Apt. 805', 'South David', 'ME', '48296', 7),
(24, '3315 Dickson Summit', 'East Michelle', 'AS', '23707', 6),
(25, '25634 Kristin Coves Suite 073', 'Port Samantha', 'MI', '40502', 5),
(26, '03654 Tammy Harbors', 'Darlenefurt', 'TX', '70783', 3),
(27, '14294 Daniel Mews Suite 569', 'South Rachelborough', 'KS', '06318', 4),
(28, '88356 Stacy Isle Suite 148', 'Elizabethmouth', 'MO', '91885', 6),
(29, '236 Byrd Extensions Suite 680', 'Justinchester', 'WY', '76520', 2),
(30, '7738 Leon Underpass Apt. 148', 'Clarencebury', 'TX', '41188', 2),
(31, '20037 Stanley Roads', 'Lake Heather', 'NM', '52884', 7),
(32, '01632 Williams Gateway', 'South Dennismouth', 'TN', '70117', 2),
(33, '9868 Merritt Summit Suite 743', 'Katiehaven', 'NM', '82650', 6),
(34, '7143 Rogers Plains', 'East Edwardfurt', 'UT', '20529', 6),
(35, '66587 Brown Village', 'Priceshire', 'UT', '03061', 5),
(36, '0546 Medina Street Apt. 734', 'Tuckerfurt', 'MA', '88171', 1),
(37, '272 Rebecca Ramp Apt. 162', 'Whiteview', 'MS', '43407', 8),
(38, '5564 King Common', 'Smithside', 'AR', '46371', 2),
(39, '100 James Brooks', 'East David', 'TN', '15494', 7),
(40, '4529 Kimberly Estates', 'Danieltown', 'ME', '75971', 2),
(41, '3193 Heidi Hollow Apt. 905', 'Stanleyland', 'NY', '85375', 5),
(42, '67165 Zimmerman Mews Apt. 849', 'Marshallshire', 'KY', '42746', 6),
(43, '47379 Rogers Park', 'Hunterborough', 'MI', '34363', 4),
(44, '9480 Christopher Stravenue Suite 783', 'Brewerfort', 'NV', '02761', 2),
(45, '3634 Kennedy Pines', 'Ronaldside', 'MA', '46613', 1),
(46, '4431 Leslie Summit Apt. 337', 'Jennyhaven', 'PA', '37594', 4),
(47, '43524 Jean Crossroad', 'Brandonton', 'OH', '38791', 5),
(48, '710 Harrison Mill', 'Jackton', 'KS', '63117', 2),
(49, '67190 Edward Port', 'Christopherbury', 'DE', '73648', 4),
(50, '993 Hayes Mills Suite 964', 'New Susanville', 'WV', '27736', 2),
(51, '1232 Eric Lodge', 'Norrisfort', 'LA', '04779', 7),
(52, '4713 French Road', 'South Danny', 'IN', '85387', 5),
(53, '2102 Larson Views', 'Scottmouth', 'UT', '40358', 8),
(54, '8877 Carly Meadows Suite 940', 'East Suzanneshire', 'OR', '03220', 6),
(55, '027 Moon Falls Suite 717', 'Rickymouth', 'TN', '14211', 3),
(56, '6746 Shawn Island', 'Marcusfurt', 'VI', '67950', 6),
(57, '876 Jacob Lake', 'Garrettton', 'IL', '35504', 6),
(58, '7710 Jennifer Inlet', 'New Rickybury', 'MP', '15372', 4),
(59, '27484 Davenport Mountains Apt. 782', 'Leehaven', 'WA', '18393', 5),
(60, '6584 Justin Hills', 'Grimesmouth', 'ND', '63984', 2),
(61, '8867 Kane Square Apt. 963', 'Williamsfort', 'VT', '50469', 3),
(62, '270 Wayne Ramp Suite 171', 'Smithberg', 'MT', '86324', 4),
(63, '74596 Melissa Walk', 'Finleyfort', 'VI', '71413', 3),
(64, '134 Julie Mews', 'Port Cynthiaville', 'NV', '22306', 8),
(65, '05045 Jordan Gardens Suite 922', 'North Chelsea', 'MS', '81727', 7),
(66, '9237 Stevens Shores', 'Port Stevenport', 'TX', '72144', 5),
(67, '75946 Bryant Hollow', 'South Melissa', 'CT', '31592', 4),
(68, '594 Johnson Village Suite 409', 'New Julieport', 'WI', '30663', 6),
(69, '39421 Kyle Mill Apt. 952', 'West Markchester', 'HI', '26819', 1),
(70, '588 Rivas Glens', 'Coffeyport', 'WA', '44897', 4),
(71, '1236 Davis Locks', 'West Amandamouth', 'MN', '88689', 1),
(72, '651 Thomas River Suite 931', 'Blankenshipport', 'SD', '54017', 6),
(73, '00471 Jimmy Plain', 'South Shawn', 'TN', '97905', 7),
(74, '261 Gilbert Harbors Apt. 537', 'Sampsonstad', 'CT', '90374', 5),
(75, '506 Lopez Crossing Suite 139', 'North Kristinbury', 'DC', '74501', 2),
(76, '83933 Schroeder Turnpike', 'West Micheleberg', 'DC', '71308', 4),
(77, '10205 Brianna Brook Apt. 402', 'Foxland', 'NJ', '59257', 6),
(78, '917 Sonia Cape Suite 700', 'Boonechester', 'TX', '14651', 4),
(79, '711 Franklin Circles Apt. 499', 'Oscarhaven', 'LA', '59970', 8),
(80, '18367 Robert Views Suite 661', 'Ronaldview', 'MN', '20507', 7),
(81, '11161 Cain Point Apt. 988', 'Elizabethchester', 'MI', '87708', 8),
(82, '049 Bell Ports Apt. 273', 'West Meganstad', 'DE', '37013', 3),
(83, '8998 Chelsea Shoals', 'Anthonyview', 'UT', '41000', 5),
(84, '0229 Jones Streets Apt. 183', 'Barnesmouth', 'GA', '49004', 3),
(85, '599 Nicole Drives Apt. 901', 'Scottchester', 'NM', '80071', 4),
(86, '4381 Jordan Haven Suite 840', 'South Tracey', 'AR', '01508', 5),
(87, '3244 Wilson Parks', 'Thompsonfurt', 'ND', '92732', 7),
(88, '851 Hensley Canyon', 'Smithland', 'VI', '41534', 7),
(89, '664 Richard Islands Apt. 975', 'South Meganbury', 'NE', '77685', 6),
(90, '164 Walker Tunnel Apt. 181', 'Port Michael', 'VA', '85100', 4),
(91, '12432 Kathleen Shoal', 'East Stephaniefort', 'NH', '99387', 3),
(92, '995 Hernandez Cliff Suite 744', 'West Williamport', 'NH', '59734', 8),
(93, '54119 Ford Plaza', 'South Reginashire', 'SD', '25173', 2),
(94, '782 Shannon Valleys Suite 182', 'East Jasminemouth', 'NC', '69018', 1),
(95, '5466 Shelton Center', 'Cameronville', 'OH', '89417', 2),
(96, '4925 Brandi Divide Suite 462', 'West Angelicamouth', 'GU', '17251', 3),
(97, '685 Michael Falls', 'West Stacey', 'NM', '25667', 3),
(98, '21418 Ebony Wells', 'New Nicholas', 'GA', '24204', 7),
(99, '706 Rhodes Freeway', 'Bishopmouth', 'IN', '70494', 2),
(100, '7359 Murray Haven', 'Shawchester', 'GA', '26675', 7),
(101, '0758 Jennifer Path', 'West Christopherburgh', 'KY', '59394', 7),
(102, '1375 Robert Locks', 'Joeland', 'MN', '29931', 8),
(103, '1522 Justin Village', 'Hortonberg', 'WV', '92977', 5),
(104, '9010 Lewis Drive Suite 143', 'Davidbury', 'MT', '84249', 1),
(105, '17980 Jennifer Highway Suite 095', 'New Robert', 'TN', '88085', 2),
(106, '518 Peter Mountains', 'Lake Paulstad', 'KS', '98453', 5),
(107, '1531 Anderson Knoll', 'Lisaburgh', 'MP', '90243', 6),
(108, '722 Jennifer Mount Apt. 430', 'North Leslie', 'ME', '68053', 2),
(109, '740 Justin Wall Apt. 541', 'Samuelfurt', 'WA', '58138', 5),
(110, '2775 Owen Stream Suite 169', 'New Kelly', 'CT', '10995', 7),
(111, '447 Jackson Mills Suite 705', 'Hillton', 'CA', '88474', 3),
(112, '8202 Johnson Cliff Apt. 556', 'New Ericmouth', 'MN', '49261', 8),
(113, '92856 Banks Gateway Apt. 027', 'Mcintyreville', 'KS', '34617', 1),
(114, '94731 Melissa Mission Apt. 715', 'Jennaside', 'ND', '38559', 5),
(115, '25831 Laura Freeway Suite 058', 'Tannerside', 'DC', '80710', 3),
(116, '46786 Morrow Cliffs', 'West Dawn', 'NV', '61558', 2),
(117, '89226 Marie Path Apt. 422', 'Sarahbury', 'MI', '68513', 5),
(118, '43842 Mendez Course Apt. 992', 'Lake Claudia', 'MH', '79817', 4),
(119, '001 Stacy Trail Suite 396', 'South Pamelaside', 'LA', '84637', 3),
(120, '3647 Haley Estate Suite 677', 'West Catherine', 'MD', '94658', 6),
(121, '562 Robertson Coves Suite 371', 'Shannonberg', 'CT', '07133', 3),
(122, '9632 Peck Stravenue Suite 327', 'Jimenezport', 'NM', '03538', 1),
(123, '8733 Williams Haven', 'Harperfort', 'LA', '70846', 6),
(124, '62456 Williams Center', 'West Angela', 'CA', '51140', 8),
(125, '499 David Court Suite 558', 'Kariborough', 'PA', '67232', 1),
(126, '000 Jennifer Unions Suite 872', 'West Sarah', 'MD', '21800', 2),
(127, '495 Erickson Hills Suite 055', 'South Brandytown', 'PA', '62706', 6),
(128, '993 Brandy Extension Suite 230', 'East Andrewmouth', 'MT', '20349', 5),
(129, '368 Salas Street Apt. 283', 'Whitneyfort', 'NC', '49892', 4),
(130, '78585 Bishop Fields Apt. 484', 'West Kellie', 'VT', '27669', 1),
(131, '7584 Martinez Springs Suite 652', 'Bobbyland', 'MI', '58484', 4),
(132, '733 Fitzpatrick Square Suite 219', 'East Brent', 'MH', '70105', 2),
(133, '301 Rivera Mountains', 'Lake Kellitown', 'OH', '21202', 2),
(134, '773 Morris Rue Apt. 193', 'East Robertburgh', 'PW', '05264', 8),
(135, '2400 Bradley Coves Suite 478', 'Smallberg', 'PR', '66589', 2),
(136, '3152 Wong Stravenue Apt. 054', 'East Cheryl', 'SC', '53649', 3),
(137, '516 Jack Dam Suite 530', 'Patrickmouth', 'WV', '35496', 3),
(138, '9904 Schwartz Circle Apt. 742', 'Parksport', 'UT', '15890', 8),
(139, '9332 Hernandez Summit Suite 687', 'Port John', 'WV', '78595', 3),
(140, '785 Samantha Creek', 'Port Amyhaven', 'ID', '75566', 5),
(141, '58713 Davis Pass', 'Stokesmouth', 'DC', '67773', 7),
(142, '9087 Cummings Locks Suite 039', 'North Rodneyland', 'ND', '08398', 4),
(143, '0462 Katie Stream', 'Brooksfurt', 'NV', '49980', 4),
(144, '82512 Rice Stream Apt. 004', 'Nunezside', 'NE', '70222', 5),
(145, '37524 Sharon Stream Apt. 069', 'East Jamieville', 'PA', '04901', 7),
(146, '030 Gonzales Plains Apt. 028', 'Jimshire', 'MD', '76191', 6),
(147, '42836 Hill Point Apt. 687', 'West Shellyfurt', 'WY', '69243', 8),
(148, '662 Bennett Throughway Suite 334', 'Port Steven', 'AR', '74214', 8),
(149, '8826 Jonathan Isle Apt. 751', 'North Joseph', 'TX', '79795', 2),
(150, '39837 Molly Isle', 'Susantown', 'IL', '25407', 4),
(151, '739 Randy Garden', 'Kimberlyfurt', 'NH', '70447', 4),
(152, '4587 Garcia Stravenue Suite 535', 'Robertshire', 'VI', '29503', 2),
(153, '48996 Hernandez Isle', 'South Ashley', 'IA', '65945', 6),
(154, '7772 Jackson Stravenue Suite 280', 'Port Melanieton', 'WV', '01337', 1),
(155, '31203 Brooks River Suite 700', 'Smithhaven', 'VA', '36511', 4),
(156, '86211 John River Suite 546', 'West Susanmouth', 'OK', '32378', 4),
(157, '1016 Bennett Mountains', 'Lake Albertburgh', 'CO', '66018', 1),
(158, '591 Jerry Ways Suite 401', 'Rachelshire', 'TN', '04813', 2),
(159, '0392 Hickman Hills', 'New John', 'MP', '51508', 1),
(160, '2185 Connor Fort Apt. 599', 'Novakmouth', 'AK', '83616', 4),
(161, '7358 Reynolds Springs Suite 194', 'Lake Charles', 'KY', '20715', 2),
(162, '265 Rodriguez Avenue Suite 754', 'East Christopherchester', 'NV', '73506', 1),
(163, '01581 Shields Bridge Suite 661', 'New Adriana', 'TX', '50404', 6),
(164, '44472 Gary Harbor', 'Evansland', 'MN', '33491', 2),
(165, '799 Stephen Dale', 'Adamfurt', 'MA', '81790', 4),
(166, '7569 Kevin Rapids Apt. 752', 'Novakport', 'WA', '91590', 5),
(167, '356 Velasquez Lock Suite 193', 'Lake Katrina', 'AK', '95818', 8),
(168, '374 Lori Underpass Suite 724', 'West Donna', 'VT', '55961', 4),
(169, '79796 Stephens Turnpike Suite 891', 'Port Johnstad', 'GA', '85304', 3),
(170, '656 Alex Green', 'New Julie', 'OH', '76590', 8),
(171, '5679 Michael Burg', 'Garciachester', 'PW', '11754', 4),
(172, '254 Gibson Ford', 'Baileyville', 'NV', '95134', 8),
(173, '1401 Melinda Rue Apt. 238', 'New Ethan', 'OH', '56386', 7),
(174, '62266 Jo Flat Suite 966', 'Lake Jasonview', 'WV', '92744', 4),
(175, '182 Nguyen Mount', 'West Emilyfort', 'NC', '84270', 2),
(176, '696 Michael Vista Suite 924', 'Lake Dennisville', 'IA', '40527', 2),
(177, '52866 Bailey Manors', 'South Cynthia', 'UT', '85076', 7),
(178, '274 Jacob Ville', 'Harveystad', 'AL', '64019', 6),
(179, '68876 Perry Ville', 'Burnsland', 'OK', '04545', 7),
(180, '0438 Jackson Mount', 'Dunnville', 'OK', '15470', 7),
(181, '580 Payne Manors Apt. 340', 'Bakerland', 'NV', '15887', 8),
(182, '95962 Kristen Via', 'Port Brian', 'MI', '70268', 1),
(183, '825 Roberts Grove Apt. 260', 'Michelleberg', 'UT', '17893', 2),
(184, '53672 Burton Lane', 'Jonesland', 'MO', '68083', 1),
(185, '577 Perkins Ways Apt. 751', 'Robinsonchester', 'GU', '28268', 7),
(186, '5458 Ashlee Oval Suite 001', 'Smithburgh', 'NV', '60337', 6),
(187, '3242 Davis Lake', 'Christopherburgh', 'AR', '52450', 2),
(188, '361 Aaron Neck Apt. 293', 'Smithmouth', 'GU', '16307', 4),
(189, '271 Patrick Street Apt. 155', 'Derrickberg', 'SD', '89254', 4),
(190, '89092 Bell Forest', 'South Christina', 'NV', '28975', 4),
(191, '21965 Edwards Dam', 'West Deanna', 'IA', '73035', 8),
(192, '043 Julie Hill Apt. 376', 'East Victorland', 'NC', '02082', 3),
(193, '2696 Payne Extensions Suite 109', 'North Joseton', 'AR', '52664', 7),
(194, '866 Miller Plain Apt. 414', 'New Samanthaberg', 'ND', '43328', 3),
(195, '146 Brian Corners Suite 179', 'West Elizabethburgh', 'DE', '02161', 5),
(196, '027 Mills Tunnel', 'Garyberg', 'WA', '35728', 8),
(197, '56481 Joseph Ports', 'South Spencerstad', 'AR', '65985', 4),
(198, '2419 Jeremy Pass', 'North Micheletown', 'IA', '06527', 2),
(199, '6220 Walker Gateway Suite 541', 'Davidton', 'HI', '29754', 8),
(200, '1744 Miller Motorway', 'West Jamesshire', 'WY', '40335', 2);
INSERT INTO `addresses` (`address_id`, `street`, `city`, `state`, `postal_code`, `region_id`) VALUES
(201, '5973 Edward Lodge', 'East Ambertown', 'MA', '00692', 1),
(202, '413 Robert Circle Apt. 410', 'Port April', 'UT', '49324', 1),
(203, '191 Dana Lock Apt. 990', 'Batesberg', 'IA', '38731', 2),
(204, '6557 Hall Flats Apt. 912', 'East Shannonmouth', 'MT', '16326', 4),
(205, '74741 Eric Spur Suite 903', 'Eddiebury', 'MI', '52437', 3),
(206, '442 Stephanie Walk', 'Hawkinsside', 'IA', '12916', 7),
(207, '21003 James Locks Suite 199', 'Samanthaland', 'AK', '08951', 8),
(208, '721 Martinez Mountain', 'East Sandrachester', 'GU', '95453', 8),
(209, '0662 Lewis Ferry Suite 472', 'New Christinebury', 'SD', '39181', 4),
(210, '8701 Reyes Manor Apt. 838', 'South Kimberlystad', 'NJ', '71872', 7),
(211, '9856 White Island Apt. 040', 'Morenoshire', 'IN', '21423', 1),
(212, '34803 Kelly Villages', 'East Joel', 'MD', '97245', 3),
(213, '059 Anna Field Suite 842', 'Johnsonton', 'IN', '79362', 7),
(214, '87059 Lindsay Junctions', 'Port Megan', 'MD', '08307', 1),
(215, '92185 Nathaniel Shore', 'Willismouth', 'ME', '42785', 7),
(216, '67528 Walker Radial', 'South Kurt', 'UT', '39103', 5),
(217, '09690 Carrie Valleys', 'Lake Ariana', 'NM', '18935', 8),
(218, '135 Jackson Corners Suite 704', 'East Heather', 'MI', '34141', 5),
(219, '006 Oconnor Expressway', 'Snyderfurt', 'MI', '72069', 7),
(220, '79327 Lauren Bypass Suite 054', 'North Matthewfurt', 'GA', '96443', 8);

-- customers: 60 rows
INSERT INTO `customers` (`customer_id`, `customer_name`, `email`, `phone`, `address_id`, `segment`, `customer_since`) VALUES
(1, 'Tom Spence', 'bbush@martin.com', '933-468-8444x31069', 40, 'Enterprise', '2022-09-09'),
(2, 'Ward Group', 'bgonzalez@jackson.com', '714.467.7418x6256', 49, 'Individual', '2021-06-09'),
(3, 'Williams-Gonzales', 'anne21@barnett.biz', '001-393-880-6868x79374', 76, 'Individual', '2022-04-26'),
(4, 'Johnson, Duncan and Black', 'davidtodd@rush.com', '620.761.6329', 56, 'Enterprise', '2023-11-09'),
(5, 'Sloan, Jones and Hughes', 'melissa87@buchanan.org', '761.862.2999x11914', 15, 'SMB', '2022-12-27'),
(6, 'Reyes-Washington', 'jacksonrichard@franklin.com', '001-330-574-5054x447', 149, 'Individual', '2024-01-17'),
(7, 'Turner Ltd', 'joseph69@davis.biz', '001-278-450-8214x8628', 189, 'Enterprise', '2023-03-20'),
(8, 'Golden and Sons', 'antoniowilliams@bush-hill.info', '761.403.5797x27985', 139, 'Enterprise', '2025-03-08'),
(9, 'Curry-Barker', 'kwilliams@vincent.com', '+1-634-668-0072x29034', 16, 'Individual', '2022-06-05'),
(10, 'James Bailey', 'hturner@sanders.com', '+1-699-744-1715', 192, 'Enterprise', '2022-04-05'),
(11, 'Debbie Dawson', 'jacob83@trujillo.biz', '+1-752-507-4466x60993', 81, 'SMB', '2025-06-17'),
(12, 'Nichols, Glover and Knox', 'megan82@davis-anderson.com', '001-682-951-3534x6554', 216, 'SMB', '2024-05-11'),
(13, 'Ruiz Ltd', 'kennedyjames@dillon.net', '360-922-3569x7252', 13, 'Enterprise', '2023-12-02'),
(14, 'Welch-Thompson', 'hayesjason@johnston.info', '001-712-296-6667x60083', 150, 'Enterprise', '2024-03-03'),
(15, 'Sherman-Schmidt', 'simsjohn@wiley.net', '001-742-810-4478', 123, 'Individual', '2021-02-02'),
(16, 'Cowan, Cooper and Valenzuela', 'frederickmeadows@smith-walker.com', '609.282.1506', 129, 'Enterprise', '2022-10-18'),
(17, 'Vang, Stanley and Valdez', 'butleromar@king.com', '661-384-9926x1891', 136, 'Enterprise', '2021-02-06'),
(18, 'Kathleen Lynch', 'michaelortiz@williams.com', '001-375-330-0119x721', 41, 'Individual', '2024-11-20'),
(19, 'Newman-Bryant', 'steven12@phelps.com', '(711)400-2255x79415', 209, 'Enterprise', '2025-11-19'),
(20, 'Morales Group', 'evaughn@banks-robles.com', '(402)816-9797', 131, 'SMB', '2022-05-12'),
(21, 'Carr-Huffman', 'timothyfreeman@alexander-brown.com', '3898935889', 21, 'Enterprise', '2025-05-25'),
(22, 'Danielle Reed', 'jhernandez@brown.info', '821.575.3540x8386', 48, 'Individual', '2024-05-19'),
(23, 'Stevens PLC', 'hwest@mcgee-smith.biz', '(708)280-1994x88375', 18, 'SMB', '2023-03-29'),
(24, 'Richard LLC', 'xmoran@chavez.com', '554-588-5102x72614', 153, 'SMB', '2023-10-20'),
(25, 'Samuel Lewis', 'jenniferrodriguez@williams-schultz.org', '277-898-2708', 198, 'Enterprise', '2025-02-13'),
(26, 'Webb, Romero and Morse', 'jessicaanderson@sandoval-obrien.com', '666.793.4654x72269', 173, 'Individual', '2021-11-20'),
(27, 'Doyle, Spencer and Robinson', 'glenda22@daniels.com', '+1-379-296-8460', 61, 'Individual', '2022-01-18'),
(28, 'Thomas-Santiago', 'tonyavega@franco.com', '880.557.1983', 104, 'Enterprise', '2021-12-31'),
(29, 'Rebecca Horton', 'housepaul@edwards.com', '597.635.9893', 31, 'Enterprise', '2024-06-18'),
(30, 'Thompson-Fleming', 'jillwilson@patterson.com', '(429)740-5720', 146, 'Individual', '2021-12-08'),
(31, 'Williams, Randolph and Gilbert', 'jtyler@jones-zimmerman.net', '828.318.2688', 64, 'SMB', '2024-04-22'),
(32, 'Stephen Alvarado', 'jeffery98@barajas-colon.com', '857-339-9305', 215, 'Individual', '2022-08-28'),
(33, 'Scott-Ramsey', 'willie87@williams-villanueva.com', '881-312-8801x33613', 197, 'Individual', '2021-02-15'),
(34, 'Parks, Johnson and Love', 'brownlaura@jones.biz', '(276)365-0618x0919', 11, 'Individual', '2021-03-11'),
(35, 'Jonathan Roberts', 'campbellsara@foster-guerrero.info', '(783)226-8424', 159, 'SMB', '2024-06-05'),
(36, 'Baxter, Thomas and Williams', 'fmedina@clark-figueroa.com', '568.322.2394', 200, 'Individual', '2023-11-12'),
(37, 'Lambert PLC', 'enewman@powers-king.com', '001-997-955-2314x9135', 108, 'Individual', '2025-04-05'),
(38, 'Jensen-Torres', 'lindsey62@edwards.biz', '452-357-7754x781', 169, 'Enterprise', '2023-12-03'),
(39, 'Trevino-Taylor', 'jessica11@atkinson.com', '001-996-493-0848', 207, 'Enterprise', '2023-09-10'),
(40, 'Long-Vance', 'dennis88@sanders.com', '+1-239-528-2722x99275', 145, 'Individual', '2023-12-13'),
(41, 'Crystal Baker', 'aprilmoody@harrison-gibson.com', '4518844989', 134, 'Individual', '2022-03-04'),
(42, 'Gray, Matthews and Villanueva', 'nicholas38@gomez-parrish.info', '490.482.7231x8432', 210, 'Enterprise', '2021-05-23'),
(43, 'Guzman-Montoya', 'ushepherd@olson.info', '492.460.3029', 67, 'Enterprise', '2024-04-21'),
(44, 'Amanda Armstrong', 'sandra86@costa.com', '437-497-7236', 53, 'Enterprise', '2021-04-13'),
(45, 'Keller, Baker and Ramsey', 'ecarlson@gray.com', '9382862912', 172, 'Individual', '2022-09-18'),
(46, 'Gordon, Wilson and Olson', 'princekimberly@reynolds.net', '(637)865-9916x24731', 179, 'Enterprise', '2021-08-26'),
(47, 'Lopez-Fletcher', 'meyernicholas@watts.biz', '(612)869-4486x959', 62, 'SMB', '2024-12-11'),
(48, 'Gutierrez PLC', 'angie74@lane-schroeder.biz', '001-221-437-2138x6589', 68, 'SMB', '2023-05-31'),
(49, 'Oconnell-Smith', 'thomasburke@brown.com', '290-466-9849', 102, 'Enterprise', '2021-06-16'),
(50, 'Snyder, Smith and Jefferson', 'james98@hale.com', '502.214.6566', 34, 'Enterprise', '2025-08-26'),
(51, 'Padilla, Calhoun and Dunn', 'michael43@mccarty.com', '626-681-8184x518', 166, 'Enterprise', '2024-08-18'),
(52, 'Tracy Hart', 'susan77@atkins.biz', '+1-833-756-5880x4341', 77, 'SMB', '2024-11-06'),
(53, 'Spencer and Sons', 'jeffery94@valentine.com', '333.334.3333x9521', 118, 'Enterprise', '2023-05-20'),
(54, 'Sosa, Vasquez and Smith', 'charlesnathan@vasquez-galloway.org', '972-284-6392x086', 175, 'SMB', '2025-04-14'),
(55, 'Reed, Dalton and Parsons', 'wolfesteve@smith.com', '959-842-8434x79552', 19, 'SMB', '2023-04-15'),
(56, 'Barnes LLC', 'lramirez@anderson.com', '001-943-486-6322x7026', 3, 'SMB', '2022-10-29'),
(57, 'Sarah Holmes DDS', 'john90@garcia-martin.com', '271-875-4558x845', 168, 'Individual', '2024-12-04'),
(58, 'Bell Ltd', 'barbarasantos@thompson.net', '871.369.4722x5699', 160, 'SMB', '2025-10-24'),
(59, 'Martin and Sons', 'jennifer96@barron-norman.com', '001-498-876-2202x3413', 181, 'SMB', '2022-07-27'),
(60, 'Davis Group', 'wisealexandria@garcia.com', '464-233-4722', 26, 'Enterprise', '2023-09-28');

-- product_categories: 6 rows
INSERT INTO `product_categories` (`category_id`, `category_name`, `description`) VALUES
(1, 'Networking Hardware', 'Routers, switches, and connectivity equipment'),
(2, 'Office Furniture', 'Desks, chairs, and workspace furnishings'),
(3, 'Computing Devices', 'Laptops, desktops, and accessories'),
(4, 'Software Licenses', 'SaaS and perpetual software licenses'),
(5, 'Industrial Supplies', 'Warehouse and manufacturing consumables'),
(6, 'Office Supplies', 'Stationery and general office consumables');

-- products: 45 rows
INSERT INTO `products` (`product_id`, `sku`, `product_name`, `category_id`, `unit_price`, `unit_cost`, `is_active`) VALUES
(1, 'SKU-16143', 'Enterprise Router X200', 1, 978.65, 600.5, 1),
(2, 'SKU-15920', '24-Port Managed Switch', 1, 835.63, 599.74, 1),
(3, 'SKU-16344', 'Wireless Access Point Pro', 1, 928.49, 460.35, 1),
(4, 'SKU-13085', 'Firewall Appliance FX10', 1, 583.44, 366.94, 1),
(5, 'SKU-17211', 'Network Cable Cat6 (100ft)', 1, 360.87, 179.12, 1),
(6, 'SKU-15930', 'PoE Injector', 1, 1400.78, 612.17, 1),
(7, 'SKU-25978', 'Ergonomic Office Chair', 2, 817.74, 370.22, 1),
(8, 'SKU-26279', 'Standing Desk 60in', 2, 460.39, 263.93, 1),
(9, 'SKU-24501', 'Filing Cabinet 3-Drawer', 2, 743.43, 422.77, 1),
(10, 'SKU-23780', 'Conference Table 10-Seat', 2, 1003.47, 463.97, 1),
(11, 'SKU-26491', 'Monitor Arm Dual', 2, 939.02, 595.69, 1),
(12, 'SKU-34848', 'Business Laptop 14in', 3, 214.08, 91.3, 1),
(13, 'SKU-34262', 'Desktop Workstation Tower', 3, 917.26, 608.13, 1),
(14, 'SKU-38784', '27in 4K Monitor', 3, 181.71, 139.44, 1),
(15, 'SKU-38461', 'Wireless Keyboard & Mouse Combo', 3, 1180.53, 553.26, 1),
(16, 'SKU-34185', 'Docking Station USB-C', 3, 745.63, 377.68, 1),
(17, 'SKU-37547', 'Laptop Sleeve 15in', 3, 1097.43, 648.76, 1),
(18, 'SKU-41090', 'CRM Suite - Annual License', 4, 452.27, 225.63, 1),
(19, 'SKU-42746', 'Accounting Software Pro', 4, 1801.12, 804.25, 1),
(20, 'SKU-49486', 'Endpoint Security Suite', 4, 1054.7, 702.35, 1),
(21, 'SKU-42988', 'Project Management Tool - Team Plan', 4, 798.73, 422.38, 1),
(22, 'SKU-49702', 'Cloud Backup Service - 1TB', 4, 901.57, 415.16, 1),
(23, 'SKU-58251', 'Heavy Duty Shelving Unit', 5, 1720.4, 889.2, 1),
(24, 'SKU-59270', 'Pallet Jack Manual', 5, 1151.77, 554.49, 1),
(25, 'SKU-58305', 'Industrial Label Printer', 5, 891.13, 388.65, 1),
(26, 'SKU-58777', 'Safety Gloves (Box of 100)', 5, 1701.66, 808.31, 1),
(27, 'SKU-55543', 'Warehouse Barcode Scanner', 5, 865.82, 409.46, 1),
(28, 'SKU-64919', 'Copy Paper A4 (5 Ream Box)', 6, 1278.2, 691.11, 1),
(29, 'SKU-65681', 'Ballpoint Pens (Box of 50)', 6, 338.71, 252.94, 1),
(30, 'SKU-69849', 'Sticky Notes Pack', 6, 355.34, 217.17, 1),
(31, 'SKU-67275', 'Stapler Heavy Duty', 6, 113.71, 79.88, 1),
(32, 'SKU-62052', 'Whiteboard Markers Set', 6, 1293.11, 627.0, 1),
(33, 'SKU-47812', 'Already Kit', 4, 696.34, 371.58, 1),
(34, 'SKU-21320', 'Record Bundle', 2, 1275.02, 750.94, 1),
(35, 'SKU-47389', 'Heavy Bundle', 4, 21.94, 13.26, 1),
(36, 'SKU-54613', 'Traditional Bundle', 5, 1267.27, 674.78, 1),
(37, 'SKU-27371', 'Whole Unit', 2, 454.76, 251.46, 1),
(38, 'SKU-63704', 'Gas Bundle', 6, 1052.63, 613.79, 1),
(39, 'SKU-27455', 'Treat Kit', 2, 1645.75, 882.8, 1),
(40, 'SKU-18564', 'Maybe Set', 1, 817.38, 581.33, 1),
(41, 'SKU-18449', 'Manage Unit', 1, 390.45, 240.06, 1),
(42, 'SKU-37906', 'Truth Unit', 3, 1158.31, 687.02, 1),
(43, 'SKU-11853', 'Now Unit', 1, 902.64, 427.51, 1),
(44, 'SKU-21659', 'Worry Kit', 2, 1263.12, 587.93, 1),
(45, 'SKU-23496', 'Expert Set', 2, 236.64, 185.83, 1);

-- warehouses: 5 rows
INSERT INTO `warehouses` (`warehouse_id`, `warehouse_name`, `address_id`, `capacity_units`) VALUES
(1, 'East Coast DC', 33, 82070),
(2, 'West Coast DC', 172, 34993),
(3, 'EMEA Hub - Rotterdam', 145, 48569),
(4, 'APAC Hub - Singapore', 120, 53586),
(5, 'Central Distribution - Dallas', 197, 68351);

-- inventory: 96 rows
INSERT INTO `inventory` (`inventory_id`, `product_id`, `warehouse_id`, `quantity_on_hand`, `reorder_level`) VALUES
(1, 1, 5, 310, 67),
(2, 2, 1, 55, 57),
(3, 2, 2, 13, 79),
(4, 2, 4, 159, 56),
(5, 3, 4, 101, 24),
(6, 3, 5, 303, 64),
(7, 3, 3, 425, 60),
(8, 4, 1, 356, 69),
(9, 5, 5, 407, 56),
(10, 5, 1, 400, 22),
(11, 6, 5, 338, 43),
(12, 6, 4, 35, 52),
(13, 7, 3, 421, 51),
(14, 7, 1, 54, 47),
(15, 7, 2, 491, 43),
(16, 8, 4, 90, 66),
(17, 8, 2, 267, 61),
(18, 8, 5, 138, 59),
(19, 9, 4, 422, 66),
(20, 9, 5, 303, 37),
(21, 9, 2, 165, 74),
(22, 10, 1, 142, 76),
(23, 11, 2, 291, 59),
(24, 11, 4, 342, 44),
(25, 12, 1, 435, 40),
(26, 12, 4, 93, 51),
(27, 13, 3, 408, 36),
(28, 14, 3, 284, 20),
(29, 14, 5, 264, 80),
(30, 15, 1, 123, 66),
(31, 16, 4, 353, 50),
(32, 16, 2, 330, 65),
(33, 17, 4, 47, 38),
(34, 17, 1, 113, 45),
(35, 18, 2, 297, 43),
(36, 18, 3, 242, 55),
(37, 18, 4, 271, 42),
(38, 19, 5, 180, 64),
(39, 19, 3, 232, 37),
(40, 20, 3, 61, 66),
(41, 20, 2, 98, 40),
(42, 21, 5, 486, 68),
(43, 22, 2, 378, 50),
(44, 22, 5, 141, 66),
(45, 22, 1, 301, 68),
(46, 23, 5, 426, 32),
(47, 23, 3, 151, 34),
(48, 23, 1, 184, 31),
(49, 24, 1, 140, 22),
(50, 24, 2, 498, 23),
(51, 25, 3, 444, 68),
(52, 25, 2, 251, 26),
(53, 25, 5, 446, 20),
(54, 26, 3, 225, 41),
(55, 26, 4, 94, 23),
(56, 26, 2, 129, 80),
(57, 27, 1, 205, 51),
(58, 27, 5, 37, 56),
(59, 28, 1, 415, 56),
(60, 28, 2, 485, 39),
(61, 28, 5, 43, 35),
(62, 29, 5, 391, 46),
(63, 30, 5, 194, 48),
(64, 30, 2, 465, 48),
(65, 30, 3, 152, 75),
(66, 31, 4, 317, 23),
(67, 31, 3, 312, 67),
(68, 31, 5, 50, 80),
(69, 32, 2, 135, 62),
(70, 33, 2, 122, 31),
(71, 34, 1, 209, 48),
(72, 34, 2, 352, 58),
(73, 34, 5, 240, 38),
(74, 35, 2, 147, 65),
(75, 36, 4, 351, 34),
(76, 36, 1, 473, 36),
(77, 37, 5, 58, 54),
(78, 37, 2, 115, 61),
(79, 37, 4, 76, 78),
(80, 38, 2, 30, 30),
(81, 38, 1, 405, 39),
(82, 39, 5, 63, 49),
(83, 39, 3, 352, 39),
(84, 39, 2, 358, 45),
(85, 40, 5, 224, 25),
(86, 40, 4, 306, 22),
(87, 41, 3, 13, 25),
(88, 41, 5, 117, 63),
(89, 42, 5, 420, 37),
(90, 42, 1, 295, 22),
(91, 42, 3, 390, 68),
(92, 43, 4, 265, 61),
(93, 44, 3, 299, 47),
(94, 44, 2, 325, 72),
(95, 45, 1, 178, 46),
(96, 45, 4, 170, 40);

-- departments: 7 rows
INSERT INTO `departments` (`department_id`, `department_name`) VALUES
(1, 'Sales'),
(2, 'Finance'),
(3, 'Human Resources'),
(4, 'Operations'),
(5, 'IT'),
(6, 'Procurement'),
(7, 'Customer Success');

-- employees: 43 rows
INSERT INTO `employees` (`employee_id`, `first_name`, `last_name`, `email`, `department_id`, `manager_id`, `job_title`, `hire_date`, `salary`) VALUES
(1, 'Amy', 'Taylor', 'amy.taylor@channelboost-demo.com', 1, NULL, 'Sales Manager', '2021-03-28', 131857.34),
(2, 'Amber', 'Garza', 'amber.garza@channelboost-demo.com', 1, NULL, 'Sales Manager', '2019-07-24', 142175.32),
(3, 'Kaitlyn', 'Wiley', 'kaitlyn.wiley@channelboost-demo.com', 1, NULL, 'Sales Manager', '2019-06-27', 113139.2),
(4, 'Danielle', 'Ferguson', 'danielle.ferguson@channelboost-demo.com', 1, NULL, 'Sales Manager', '2021-02-07', 133152.05),
(5, 'Timothy', 'Perez', 'timothy.perez@channelboost-demo.com', 1, 1, 'Sales Development Rep', '2019-07-29', 79141.43),
(6, 'Kyle', 'Gutierrez', 'kyle.gutierrez@channelboost-demo.com', 1, 2, 'Sales Development Rep', '2019-12-31', 86237.6),
(7, 'Alex', 'Mills', 'alex.mills@channelboost-demo.com', 1, 3, 'Account Executive', '2023-11-12', 69376.82),
(8, 'Derek', 'Mitchell', 'derek.mitchell@channelboost-demo.com', 1, 4, 'Sales Development Rep', '2022-06-07', 59862.75),
(9, 'Gwendolyn', 'Vasquez', 'gwendolyn.vasquez@channelboost-demo.com', 1, 1, 'Account Executive', '2023-11-06', 93598.68),
(10, 'Kevin', 'Cannon', 'kevin.cannon@channelboost-demo.com', 1, 2, 'Sales Development Rep', '2024-02-13', 88650.8),
(11, 'Carla', 'Robles', 'carla.robles@channelboost-demo.com', 1, 3, 'Account Executive', '2022-07-08', 78910.04),
(12, 'Jacob', 'Khan', 'jacob.khan@channelboost-demo.com', 1, 4, 'Sales Development Rep', '2021-10-21', 67422.64),
(13, 'John', 'Espinoza', 'john.espinoza@channelboost-demo.com', 1, 1, 'Account Executive', '2023-02-22', 72366.65),
(14, 'Maria', 'Walker', 'maria.walker@channelboost-demo.com', 1, 2, 'Sales Development Rep', '2019-07-05', 77394.21),
(15, 'Colleen', 'Black', 'colleen.black@channelboost-demo.com', 2, NULL, 'Finance Manager', '2021-03-14', 97213.49),
(16, 'Christie', 'Benson', 'christie.benson@channelboost-demo.com', 2, 15, 'Accountant', '2020-09-28', 91600.62),
(17, 'Deborah', 'Patel', 'deborah.patel@channelboost-demo.com', 2, 15, 'AP/AR Specialist', '2020-09-21', 89399.79),
(18, 'Jacob', 'Jones', 'jacob.jones@channelboost-demo.com', 3, NULL, 'HR Manager', '2018-07-19', 92285.57),
(19, 'Daniel', 'Gibson', 'daniel.gibson@channelboost-demo.com', 3, 18, 'HR Generalist', '2021-11-26', 81359.79),
(20, 'Jackie', 'Vasquez', 'jackie.vasquez@channelboost-demo.com', 3, 18, 'Recruiter', '2021-01-21', 73889.43),
(21, 'Edwin', 'Booker', 'edwin.booker@channelboost-demo.com', 3, 18, 'Recruiter', '2019-02-21', 52380.83),
(22, 'Teresa', 'Campbell', 'teresa.campbell@channelboost-demo.com', 3, 18, 'HR Generalist', '2019-10-20', 69688.05),
(23, 'Samuel', 'Smith', 'samuel.smith@channelboost-demo.com', 3, 18, 'HR Generalist', '2019-07-31', 78442.36),
(24, 'Alexis', 'Robinson', 'alexis.robinson@channelboost-demo.com', 4, NULL, 'Operations Manager', '2019-09-06', 114902.53),
(25, 'Kristi', 'Jimenez', 'kristi.jimenez@channelboost-demo.com', 4, 24, 'Warehouse Supervisor', '2021-05-20', 71916.98),
(26, 'Heidi', 'Johnson', 'heidi.johnson@channelboost-demo.com', 4, 24, 'Warehouse Supervisor', '2019-07-07', 67528.05),
(27, 'Karen', 'Thomas', 'karen.thomas@channelboost-demo.com', 4, 24, 'Warehouse Supervisor', '2020-09-16', 94071.5),
(28, 'Philip', 'Daniels', 'philip.daniels@channelboost-demo.com', 5, NULL, 'IT Manager', '2018-09-23', 112407.19),
(29, 'Paula', 'Wright', 'paula.wright@channelboost-demo.com', 5, 28, 'Systems Administrator', '2021-06-13', 66028.54),
(30, 'Alexander', 'Villegas', 'alexander.villegas@channelboost-demo.com', 5, 28, 'Systems Administrator', '2023-08-02', 88609.27),
(31, 'Paul', 'Proctor', 'paul.proctor@channelboost-demo.com', 5, 28, 'Support Engineer', '2020-08-02', 84315.73),
(32, 'Virginia', 'Gonzalez', 'virginia.gonzalez@channelboost-demo.com', 6, NULL, 'Procurement Manager', '2020-12-10', 105392.51),
(33, 'Clifford', 'Wade', 'clifford.wade@channelboost-demo.com', 6, 32, 'Vendor Relations Specialist', '2020-05-03', 86565.83),
(34, 'Paul', 'Ali', 'paul.ali@channelboost-demo.com', 6, 32, 'Vendor Relations Specialist', '2025-01-02', 82124.4),
(35, 'Eric', 'Chandler', 'eric.chandler@channelboost-demo.com', 6, 32, 'Vendor Relations Specialist', '2023-10-11', 88667.25),
(36, 'Andrea', 'Martinez', 'andrea.martinez@channelboost-demo.com', 6, 32, 'Vendor Relations Specialist', '2022-02-01', 73313.29),
(37, 'Kent', 'Ward', 'kent.ward@channelboost-demo.com', 6, 32, 'Vendor Relations Specialist', '2019-05-03', 63624.68),
(38, 'Elizabeth', 'Mcpherson', 'elizabeth.mcpherson@channelboost-demo.com', 7, NULL, 'CS Manager', '2018-12-11', 112320.68),
(39, 'Ryan', 'Smith', 'ryan.smith@channelboost-demo.com', 7, 38, 'Customer Success Rep', '2024-02-05', 88871.28),
(40, 'Brenda', 'Foster', 'brenda.foster@channelboost-demo.com', 7, 38, 'Customer Success Rep', '2020-07-23', 74874.49),
(41, 'Tanya', 'Perkins', 'tanya.perkins@channelboost-demo.com', 7, 38, 'Customer Success Rep', '2023-06-07', 88232.61),
(42, 'Haley', 'Moore', 'haley.moore@channelboost-demo.com', 7, 38, 'Customer Success Rep', '2023-12-11', 50051.42),
(43, 'John', 'Porter', 'john.porter@channelboost-demo.com', 7, 38, 'Customer Success Rep', '2023-05-27', 81145.71);

-- sales_teams: 4 rows
INSERT INTO `sales_teams` (`team_id`, `team_name`, `region_id`, `manager_id`) VALUES
(1, 'East Enterprise Team', 7, 1),
(2, 'West SMB Team', 7, 2),
(3, 'EMEA Growth Team', 3, 3),
(4, 'APAC Expansion Team', 8, 4);

-- team_members: 14 rows
INSERT INTO `team_members` (`team_member_id`, `team_id`, `employee_id`, `role_on_team`) VALUES
(1, 1, 5, 'Account Executive'),
(2, 2, 6, 'Account Executive'),
(3, 3, 7, 'Account Executive'),
(4, 4, 8, 'Account Executive'),
(5, 1, 9, 'Account Executive'),
(6, 2, 10, 'Account Executive'),
(7, 3, 11, 'Account Executive'),
(8, 4, 12, 'Account Executive'),
(9, 1, 13, 'Account Executive'),
(10, 2, 14, 'Account Executive'),
(11, 1, 1, 'Team Lead'),
(12, 2, 2, 'Team Lead'),
(13, 3, 3, 'Team Lead'),
(14, 4, 4, 'Team Lead');

-- sales_targets: 16 rows
INSERT INTO `sales_targets` (`target_id`, `team_id`, `period`, `target_amount`, `achieved_amount`, `avg_csat_score`) VALUES
(1, 1, '2025-Q3', 391206.11, 419162.43, 4.78),
(2, 1, '2025-Q4', 232998.68, 248624.03, 4.71),
(3, 1, '2026-Q1', 174927.92, 210748.8, 4.21),
(4, 1, '2026-Q2', 186038.85, 222885.45, 4.78),
(5, 2, '2025-Q3', 168707.06, 211210.37, 3.53),
(6, 2, '2025-Q4', 305814.85, 357022.42, 3.44),
(7, 2, '2026-Q1', 232141.4, 285152.9, 3.67),
(8, 2, '2026-Q2', 388534.9, 473195.03, 3.84),
(9, 3, '2025-Q3', 271986.87, 269357.32, 4.21),
(10, 3, '2025-Q4', 208692.56, 210564.94, 4.04),
(11, 3, '2026-Q1', 206871.57, 192752.44, 4.39),
(12, 3, '2026-Q2', 340092.42, 344005.46, 3.95),
(13, 4, '2025-Q3', 191591.2, 148457.61, 3.62),
(14, 4, '2025-Q4', 231093.67, 165007.77, 3.82),
(15, 4, '2026-Q1', 257671.7, 196100.88, 3.85),
(16, 4, '2026-Q2', 320450.09, 238739.87, 3.71);

-- orders: 450 rows
INSERT INTO `orders` (`order_id`, `customer_id`, `employee_id`, `order_date`, `status`, `region_id`) VALUES
(1, 40, 14, '2025-03-04', 'Completed', 4),
(2, 32, 10, '2026-06-07', 'Completed', 4),
(3, 30, 11, '2026-01-05', 'Completed', 8),
(4, 17, 11, '2024-08-13', 'Completed', 8),
(5, 58, 5, '2025-03-17', 'Cancelled', 3),
(6, 5, 8, '2024-10-21', 'Completed', 5),
(7, 41, 7, '2025-07-27', 'Cancelled', 5),
(8, 30, 14, '2024-09-17', 'Completed', 4),
(9, 25, 14, '2025-06-21', 'Completed', 2),
(10, 16, 7, '2025-02-16', 'Completed', 6),
(11, 37, 5, '2025-08-12', 'Cancelled', 5),
(12, 2, 14, '2025-10-13', 'Pending', 7),
(13, 18, 1, '2025-03-11', 'Completed', 1),
(14, 59, 10, '2026-04-12', 'Returned', 8),
(15, 54, 5, '2025-12-17', 'Returned', 4),
(16, 39, 13, '2024-07-16', 'Completed', 4),
(17, 41, 4, '2025-04-02', 'Pending', 5),
(18, 44, 13, '2025-12-11', 'Cancelled', 3),
(19, 41, 2, '2024-12-30', 'Pending', 1),
(20, 20, 13, '2024-07-29', 'Completed', 1),
(21, 38, 6, '2025-11-28', 'Returned', 3),
(22, 6, 5, '2025-08-12', 'Completed', 7),
(23, 12, 4, '2025-07-31', 'Completed', 6),
(24, 34, 9, '2025-06-23', 'Completed', 3),
(25, 17, 14, '2025-08-18', 'Completed', 5),
(26, 48, 14, '2025-08-01', 'Completed', 2),
(27, 30, 2, '2025-02-21', 'Completed', 4),
(28, 56, 11, '2025-06-07', 'Cancelled', 7),
(29, 55, 13, '2026-03-25', 'Completed', 6),
(30, 6, 13, '2025-09-10', 'Completed', 1),
(31, 17, 9, '2026-03-20', 'Completed', 8),
(32, 24, 11, '2024-10-25', 'Returned', 5),
(33, 38, 7, '2025-07-23', 'Pending', 6),
(34, 7, 11, '2025-05-24', 'Completed', 8),
(35, 2, 10, '2026-02-18', 'Completed', 6),
(36, 59, 10, '2025-07-30', 'Completed', 2),
(37, 41, 14, '2025-05-28', 'Completed', 5),
(38, 42, 7, '2026-01-17', 'Completed', 3),
(39, 3, 1, '2025-07-04', 'Completed', 8),
(40, 8, 2, '2025-12-17', 'Completed', 3),
(41, 25, 8, '2026-04-05', 'Completed', 7),
(42, 38, 12, '2025-09-25', 'Returned', 3),
(43, 57, 7, '2025-03-23', 'Pending', 2),
(44, 54, 8, '2025-09-26', 'Pending', 7),
(45, 18, 1, '2025-02-19', 'Cancelled', 6),
(46, 14, 8, '2024-08-16', 'Completed', 4),
(47, 55, 6, '2026-06-06', 'Completed', 6),
(48, 35, 11, '2026-02-18', 'Completed', 1),
(49, 26, 5, '2024-11-16', 'Completed', 2),
(50, 55, 14, '2025-11-11', 'Completed', 2),
(51, 43, 4, '2026-01-10', 'Pending', 1),
(52, 4, 13, '2024-10-21', 'Completed', 4),
(53, 9, 13, '2025-01-23', 'Completed', 4),
(54, 5, 14, '2025-04-25', 'Returned', 4),
(55, 38, 4, '2025-02-20', 'Completed', 6),
(56, 50, 3, '2024-09-09', 'Pending', 1),
(57, 18, 14, '2025-10-24', 'Completed', 3),
(58, 35, 5, '2024-08-01', 'Completed', 2),
(59, 43, 14, '2026-05-15', 'Completed', 3),
(60, 1, 6, '2024-11-08', 'Completed', 6),
(61, 2, 3, '2024-07-23', 'Completed', 1),
(62, 9, 12, '2024-09-17', 'Completed', 2),
(63, 48, 2, '2024-11-17', 'Completed', 8),
(64, 50, 6, '2024-07-24', 'Completed', 2),
(65, 29, 9, '2025-10-11', 'Completed', 1),
(66, 47, 13, '2025-04-10', 'Pending', 5),
(67, 30, 11, '2025-06-23', 'Completed', 1),
(68, 31, 14, '2025-09-28', 'Completed', 7),
(69, 44, 2, '2025-09-04', 'Completed', 8),
(70, 5, 2, '2024-08-05', 'Completed', 3),
(71, 5, 3, '2024-12-08', 'Completed', 6),
(72, 25, 10, '2025-12-06', 'Completed', 5),
(73, 30, 9, '2024-07-10', 'Pending', 7),
(74, 7, 13, '2026-05-03', 'Cancelled', 2),
(75, 55, 11, '2025-10-22', 'Pending', 4),
(76, 28, 8, '2026-05-08', 'Completed', 7),
(77, 22, 14, '2026-02-27', 'Completed', 7),
(78, 27, 12, '2025-06-07', 'Completed', 6),
(79, 28, 6, '2025-10-09', 'Cancelled', 5),
(80, 24, 3, '2025-03-21', 'Cancelled', 8),
(81, 5, 2, '2025-12-24', 'Completed', 2),
(82, 28, 2, '2026-04-11', 'Returned', 6),
(83, 52, 3, '2026-02-20', 'Completed', 1),
(84, 38, 9, '2026-01-31', 'Completed', 6),
(85, 43, 2, '2024-08-12', 'Completed', 6),
(86, 56, 11, '2025-09-23', 'Returned', 7),
(87, 56, 12, '2025-07-21', 'Completed', 5),
(88, 39, 5, '2025-12-18', 'Completed', 2),
(89, 37, 9, '2026-03-01', 'Completed', 3),
(90, 43, 8, '2024-08-26', 'Completed', 2),
(91, 23, 14, '2024-12-05', 'Completed', 6),
(92, 8, 13, '2025-07-14', 'Completed', 4),
(93, 52, 7, '2024-09-12', 'Completed', 1),
(94, 39, 11, '2024-12-16', 'Cancelled', 5),
(95, 2, 3, '2025-04-07', 'Completed', 5),
(96, 59, 6, '2024-11-18', 'Completed', 1),
(97, 12, 14, '2025-10-22', 'Completed', 7),
(98, 5, 3, '2025-08-20', 'Returned', 1),
(99, 6, 12, '2026-05-22', 'Completed', 4),
(100, 25, 7, '2025-08-12', 'Completed', 6),
(101, 11, 6, '2025-08-11', 'Completed', 6),
(102, 50, 10, '2025-12-26', 'Pending', 2),
(103, 57, 1, '2026-01-10', 'Completed', 3),
(104, 49, 10, '2025-08-25', 'Completed', 2),
(105, 18, 8, '2025-11-04', 'Pending', 7),
(106, 32, 10, '2025-11-25', 'Completed', 7),
(107, 18, 4, '2025-05-08', 'Returned', 2),
(108, 23, 7, '2024-09-14', 'Completed', 5),
(109, 44, 11, '2026-01-29', 'Pending', 8),
(110, 34, 11, '2025-08-05', 'Completed', 1),
(111, 15, 7, '2025-07-03', 'Pending', 1),
(112, 1, 4, '2025-10-23', 'Completed', 4),
(113, 50, 3, '2025-07-25', 'Returned', 5),
(114, 19, 6, '2025-09-11', 'Completed', 1),
(115, 32, 12, '2026-05-12', 'Completed', 3),
(116, 9, 7, '2026-04-19', 'Completed', 4),
(117, 33, 9, '2025-08-06', 'Cancelled', 6),
(118, 5, 7, '2026-06-27', 'Returned', 1),
(119, 28, 1, '2026-03-08', 'Completed', 2),
(120, 56, 6, '2025-04-27', 'Completed', 7),
(121, 37, 7, '2025-10-05', 'Cancelled', 7),
(122, 19, 2, '2026-02-23', 'Completed', 1),
(123, 21, 3, '2025-02-21', 'Pending', 8),
(124, 54, 12, '2024-12-23', 'Completed', 2),
(125, 28, 14, '2025-08-02', 'Completed', 4),
(126, 28, 10, '2025-03-31', 'Completed', 2),
(127, 26, 14, '2025-08-06', 'Completed', 6),
(128, 15, 6, '2025-12-25', 'Returned', 3),
(129, 5, 9, '2025-03-20', 'Pending', 2),
(130, 34, 9, '2025-05-26', 'Completed', 6),
(131, 23, 12, '2026-05-31', 'Pending', 3),
(132, 16, 2, '2024-07-01', 'Completed', 5),
(133, 13, 3, '2024-07-26', 'Pending', 3),
(134, 49, 13, '2025-01-24', 'Pending', 2),
(135, 12, 13, '2024-07-12', 'Pending', 8),
(136, 30, 13, '2024-10-07', 'Completed', 8),
(137, 44, 10, '2026-04-11', 'Pending', 6),
(138, 56, 11, '2024-07-05', 'Completed', 3),
(139, 29, 2, '2026-06-18', 'Completed', 8),
(140, 41, 5, '2024-12-04', 'Completed', 1),
(141, 23, 9, '2025-02-15', 'Completed', 5),
(142, 30, 8, '2026-01-14', 'Completed', 1),
(143, 24, 14, '2026-05-19', 'Completed', 2),
(144, 42, 14, '2026-02-20', 'Completed', 7),
(145, 30, 10, '2026-05-02', 'Completed', 1),
(146, 29, 13, '2025-07-08', 'Completed', 4),
(147, 21, 10, '2025-08-21', 'Completed', 3),
(148, 4, 8, '2025-08-21', 'Completed', 6),
(149, 46, 2, '2024-09-07', 'Completed', 3),
(150, 3, 4, '2025-06-01', 'Cancelled', 8),
(151, 29, 9, '2024-10-22', 'Completed', 3),
(152, 24, 6, '2025-01-10', 'Completed', 7),
(153, 27, 13, '2026-04-10', 'Completed', 1),
(154, 51, 11, '2024-12-30', 'Pending', 6),
(155, 5, 6, '2025-01-03', 'Completed', 7),
(156, 19, 5, '2025-02-04', 'Cancelled', 3),
(157, 22, 2, '2025-08-20', 'Completed', 3),
(158, 59, 6, '2025-08-19', 'Completed', 7),
(159, 9, 10, '2024-12-06', 'Cancelled', 2),
(160, 20, 9, '2024-08-26', 'Completed', 6),
(161, 53, 3, '2025-02-22', 'Cancelled', 2),
(162, 42, 11, '2025-06-17', 'Completed', 6),
(163, 2, 6, '2025-06-21', 'Completed', 3),
(164, 14, 6, '2026-04-17', 'Returned', 8),
(165, 13, 4, '2025-11-25', 'Completed', 3),
(166, 5, 5, '2026-02-18', 'Completed', 1),
(167, 43, 6, '2024-09-08', 'Returned', 3),
(168, 39, 7, '2025-10-12', 'Completed', 3),
(169, 12, 14, '2024-07-28', 'Cancelled', 3),
(170, 47, 8, '2026-02-10', 'Completed', 7),
(171, 24, 11, '2025-04-05', 'Cancelled', 4),
(172, 29, 10, '2026-01-20', 'Completed', 8),
(173, 15, 9, '2026-05-04', 'Completed', 5),
(174, 52, 13, '2025-03-01', 'Completed', 4),
(175, 24, 11, '2026-04-03', 'Completed', 8),
(176, 30, 13, '2025-05-13', 'Completed', 7),
(177, 33, 9, '2026-05-10', 'Completed', 3),
(178, 53, 4, '2024-09-26', 'Pending', 3),
(179, 56, 5, '2026-01-13', 'Completed', 8),
(180, 56, 6, '2025-12-28', 'Completed', 2),
(181, 46, 14, '2026-03-12', 'Completed', 2),
(182, 19, 2, '2026-05-08', 'Returned', 3),
(183, 18, 8, '2025-10-06', 'Completed', 3),
(184, 54, 7, '2025-10-04', 'Completed', 4),
(185, 53, 8, '2024-08-09', 'Completed', 1),
(186, 27, 1, '2025-07-18', 'Completed', 6),
(187, 16, 7, '2025-02-18', 'Completed', 6),
(188, 15, 1, '2025-08-16', 'Completed', 2),
(189, 54, 12, '2025-02-24', 'Pending', 6),
(190, 51, 3, '2025-11-21', 'Completed', 1),
(191, 19, 14, '2024-10-20', 'Completed', 3),
(192, 49, 12, '2025-11-04', 'Completed', 8),
(193, 40, 1, '2026-06-28', 'Completed', 1),
(194, 17, 4, '2026-06-08', 'Completed', 7),
(195, 8, 13, '2025-12-31', 'Completed', 4),
(196, 20, 2, '2025-08-24', 'Completed', 4),
(197, 27, 11, '2024-09-04', 'Pending', 8),
(198, 5, 2, '2025-05-11', 'Completed', 1),
(199, 41, 9, '2026-01-25', 'Completed', 4),
(200, 46, 3, '2024-10-16', 'Completed', 7);
INSERT INTO `orders` (`order_id`, `customer_id`, `employee_id`, `order_date`, `status`, `region_id`) VALUES
(201, 1, 10, '2025-03-03', 'Completed', 4),
(202, 37, 7, '2025-06-12', 'Completed', 2),
(203, 34, 6, '2025-12-26', 'Completed', 1),
(204, 25, 14, '2025-08-04', 'Completed', 1),
(205, 41, 7, '2025-01-08', 'Completed', 5),
(206, 48, 1, '2025-04-17', 'Completed', 2),
(207, 23, 4, '2025-05-13', 'Returned', 2),
(208, 50, 10, '2025-11-21', 'Returned', 6),
(209, 9, 1, '2026-01-07', 'Completed', 6),
(210, 53, 11, '2025-06-16', 'Completed', 8),
(211, 45, 8, '2024-11-22', 'Pending', 3),
(212, 52, 3, '2025-04-15', 'Completed', 8),
(213, 3, 5, '2025-08-21', 'Completed', 1),
(214, 51, 4, '2025-08-14', 'Completed', 6),
(215, 60, 5, '2026-06-27', 'Completed', 7),
(216, 53, 9, '2025-07-18', 'Completed', 5),
(217, 3, 13, '2024-12-24', 'Pending', 4),
(218, 19, 6, '2025-01-11', 'Returned', 1),
(219, 56, 11, '2025-05-10', 'Completed', 5),
(220, 8, 13, '2025-11-12', 'Completed', 7),
(221, 57, 7, '2025-08-24', 'Returned', 8),
(222, 58, 7, '2024-09-21', 'Completed', 3),
(223, 32, 12, '2025-04-28', 'Completed', 6),
(224, 60, 13, '2025-03-24', 'Completed', 5),
(225, 52, 2, '2024-11-16', 'Returned', 7),
(226, 6, 7, '2025-03-09', 'Pending', 3),
(227, 35, 5, '2025-10-21', 'Completed', 2),
(228, 6, 6, '2026-01-13', 'Pending', 5),
(229, 20, 8, '2024-11-01', 'Pending', 7),
(230, 11, 12, '2025-03-12', 'Completed', 6),
(231, 29, 1, '2026-02-19', 'Returned', 6),
(232, 40, 7, '2026-02-06', 'Completed', 1),
(233, 5, 11, '2025-09-28', 'Pending', 7),
(234, 24, 9, '2025-05-18', 'Returned', 3),
(235, 2, 3, '2026-05-05', 'Pending', 8),
(236, 3, 3, '2024-12-18', 'Completed', 4),
(237, 50, 11, '2025-11-12', 'Completed', 6),
(238, 25, 10, '2024-10-22', 'Completed', 3),
(239, 44, 8, '2025-12-14', 'Completed', 6),
(240, 29, 13, '2024-09-01', 'Completed', 3),
(241, 34, 6, '2025-12-22', 'Completed', 6),
(242, 42, 5, '2024-12-25', 'Completed', 2),
(243, 2, 12, '2025-09-26', 'Completed', 8),
(244, 34, 7, '2024-10-16', 'Completed', 2),
(245, 17, 13, '2026-02-27', 'Completed', 8),
(246, 14, 10, '2025-01-26', 'Completed', 8),
(247, 13, 2, '2025-03-08', 'Completed', 2),
(248, 29, 3, '2026-02-07', 'Cancelled', 8),
(249, 6, 13, '2025-02-08', 'Cancelled', 6),
(250, 43, 6, '2025-06-09', 'Cancelled', 2),
(251, 36, 9, '2025-02-27', 'Completed', 5),
(252, 55, 3, '2025-12-22', 'Cancelled', 3),
(253, 51, 6, '2024-12-02', 'Completed', 4),
(254, 8, 4, '2025-08-03', 'Completed', 4),
(255, 51, 8, '2025-12-30', 'Completed', 6),
(256, 36, 10, '2025-08-05', 'Completed', 8),
(257, 52, 9, '2025-09-28', 'Completed', 2),
(258, 5, 5, '2026-06-24', 'Completed', 8),
(259, 34, 7, '2025-11-19', 'Returned', 7),
(260, 53, 10, '2025-10-31', 'Completed', 3),
(261, 21, 11, '2025-04-01', 'Completed', 8),
(262, 30, 11, '2026-04-22', 'Completed', 6),
(263, 9, 14, '2025-07-20', 'Returned', 3),
(264, 50, 3, '2025-01-03', 'Completed', 1),
(265, 54, 2, '2024-08-13', 'Completed', 3),
(266, 20, 3, '2024-11-24', 'Completed', 6),
(267, 60, 12, '2025-11-20', 'Completed', 6),
(268, 34, 5, '2025-01-14', 'Completed', 5),
(269, 13, 11, '2025-06-04', 'Completed', 5),
(270, 9, 11, '2026-05-21', 'Completed', 2),
(271, 33, 11, '2024-08-18', 'Completed', 3),
(272, 11, 11, '2025-10-25', 'Pending', 6),
(273, 54, 10, '2025-10-27', 'Completed', 1),
(274, 6, 1, '2026-04-27', 'Pending', 5),
(275, 42, 4, '2025-03-20', 'Returned', 7),
(276, 40, 11, '2024-09-17', 'Completed', 8),
(277, 57, 11, '2025-01-30', 'Completed', 5),
(278, 42, 5, '2026-04-06', 'Completed', 4),
(279, 52, 13, '2025-04-08', 'Cancelled', 7),
(280, 20, 8, '2026-06-15', 'Completed', 1),
(281, 11, 8, '2025-07-06', 'Completed', 8),
(282, 30, 4, '2025-11-30', 'Completed', 3),
(283, 21, 14, '2026-04-20', 'Cancelled', 6),
(284, 47, 14, '2025-06-19', 'Completed', 7),
(285, 9, 13, '2025-09-09', 'Completed', 2),
(286, 21, 4, '2024-09-03', 'Completed', 2),
(287, 18, 8, '2024-11-22', 'Completed', 3),
(288, 7, 1, '2026-06-05', 'Completed', 7),
(289, 56, 10, '2025-08-13', 'Completed', 4),
(290, 56, 3, '2025-12-02', 'Completed', 6),
(291, 13, 13, '2024-07-29', 'Completed', 8),
(292, 33, 8, '2026-05-04', 'Completed', 5),
(293, 32, 1, '2025-02-08', 'Completed', 7),
(294, 33, 8, '2025-06-23', 'Completed', 4),
(295, 38, 6, '2025-12-25', 'Completed', 1),
(296, 19, 8, '2024-07-14', 'Pending', 8),
(297, 19, 9, '2025-11-11', 'Completed', 2),
(298, 28, 3, '2025-03-17', 'Completed', 6),
(299, 49, 7, '2025-02-06', 'Completed', 1),
(300, 26, 1, '2026-06-27', 'Completed', 4),
(301, 24, 9, '2026-06-14', 'Completed', 2),
(302, 25, 9, '2025-01-18', 'Completed', 5),
(303, 53, 10, '2024-08-15', 'Cancelled', 2),
(304, 9, 2, '2025-01-04', 'Completed', 6),
(305, 51, 6, '2025-04-09', 'Completed', 6),
(306, 49, 3, '2026-06-29', 'Completed', 7),
(307, 33, 1, '2026-06-22', 'Completed', 1),
(308, 9, 12, '2026-05-20', 'Completed', 8),
(309, 34, 8, '2026-05-23', 'Completed', 3),
(310, 21, 10, '2024-12-12', 'Completed', 3),
(311, 26, 10, '2025-03-07', 'Returned', 5),
(312, 38, 6, '2025-04-13', 'Completed', 8),
(313, 46, 10, '2024-10-09', 'Completed', 8),
(314, 53, 1, '2025-12-15', 'Completed', 6),
(315, 44, 2, '2025-07-15', 'Completed', 5),
(316, 51, 12, '2025-11-07', 'Cancelled', 1),
(317, 39, 8, '2026-03-29', 'Completed', 4),
(318, 47, 1, '2025-11-13', 'Completed', 8),
(319, 11, 9, '2025-05-01', 'Pending', 7),
(320, 10, 14, '2025-08-22', 'Cancelled', 4),
(321, 3, 10, '2025-05-07', 'Cancelled', 2),
(322, 13, 1, '2025-02-13', 'Completed', 6),
(323, 27, 3, '2025-09-15', 'Completed', 4),
(324, 27, 9, '2025-05-24', 'Returned', 8),
(325, 56, 14, '2024-10-05', 'Returned', 1),
(326, 46, 3, '2025-10-19', 'Completed', 4),
(327, 36, 6, '2025-08-28', 'Pending', 8),
(328, 34, 7, '2025-11-11', 'Completed', 3),
(329, 30, 9, '2024-11-25', 'Completed', 6),
(330, 44, 13, '2024-10-09', 'Cancelled', 5),
(331, 40, 8, '2025-11-14', 'Completed', 4),
(332, 18, 9, '2026-04-17', 'Completed', 4),
(333, 20, 13, '2026-04-25', 'Completed', 4),
(334, 45, 12, '2025-05-10', 'Completed', 6),
(335, 31, 6, '2026-04-24', 'Completed', 5),
(336, 19, 2, '2026-01-13', 'Completed', 7),
(337, 58, 7, '2025-10-22', 'Completed', 3),
(338, 19, 1, '2025-08-16', 'Completed', 2),
(339, 23, 8, '2024-10-24', 'Pending', 5),
(340, 48, 8, '2024-08-19', 'Completed', 4),
(341, 53, 9, '2025-07-24', 'Completed', 5),
(342, 9, 2, '2025-12-07', 'Pending', 4),
(343, 16, 1, '2024-11-12', 'Cancelled', 4),
(344, 41, 4, '2026-03-05', 'Completed', 2),
(345, 27, 6, '2024-10-15', 'Cancelled', 8),
(346, 7, 11, '2024-07-22', 'Returned', 3),
(347, 1, 9, '2025-02-18', 'Completed', 7),
(348, 42, 8, '2026-06-10', 'Completed', 4),
(349, 49, 5, '2026-06-01', 'Completed', 5),
(350, 42, 1, '2025-02-07', 'Returned', 2),
(351, 42, 10, '2025-12-26', 'Completed', 1),
(352, 59, 3, '2026-02-20', 'Completed', 3),
(353, 60, 1, '2025-10-08', 'Completed', 8),
(354, 12, 12, '2025-12-21', 'Completed', 1),
(355, 1, 5, '2024-10-19', 'Completed', 2),
(356, 60, 6, '2024-11-15', 'Completed', 8),
(357, 42, 9, '2024-10-04', 'Completed', 8),
(358, 57, 3, '2024-07-20', 'Completed', 8),
(359, 18, 4, '2026-06-19', 'Completed', 6),
(360, 11, 12, '2025-09-23', 'Completed', 5),
(361, 46, 3, '2025-09-15', 'Completed', 6),
(362, 51, 5, '2025-09-20', 'Completed', 4),
(363, 12, 10, '2025-09-08', 'Pending', 7),
(364, 53, 7, '2024-12-16', 'Completed', 6),
(365, 6, 7, '2024-07-20', 'Cancelled', 2),
(366, 12, 3, '2024-08-27', 'Completed', 6),
(367, 60, 4, '2026-01-20', 'Completed', 5),
(368, 25, 4, '2024-10-06', 'Completed', 5),
(369, 22, 5, '2026-03-09', 'Completed', 1),
(370, 17, 11, '2025-06-07', 'Completed', 4),
(371, 4, 11, '2025-10-17', 'Completed', 8),
(372, 20, 3, '2024-11-12', 'Completed', 5),
(373, 45, 2, '2025-04-09', 'Pending', 5),
(374, 24, 10, '2025-06-11', 'Completed', 4),
(375, 9, 8, '2024-10-28', 'Completed', 8),
(376, 48, 10, '2024-12-12', 'Completed', 7),
(377, 45, 9, '2025-04-24', 'Completed', 4),
(378, 49, 4, '2026-06-07', 'Cancelled', 2),
(379, 34, 8, '2026-05-06', 'Completed', 6),
(380, 5, 10, '2026-05-24', 'Completed', 1),
(381, 54, 9, '2024-12-10', 'Completed', 4),
(382, 37, 9, '2025-11-02', 'Completed', 3),
(383, 21, 14, '2024-11-25', 'Completed', 8),
(384, 8, 11, '2024-11-27', 'Completed', 8),
(385, 6, 9, '2024-11-07', 'Completed', 1),
(386, 30, 3, '2026-05-27', 'Completed', 7),
(387, 30, 10, '2025-05-17', 'Completed', 8),
(388, 44, 13, '2025-09-23', 'Completed', 1),
(389, 26, 5, '2025-11-14', 'Completed', 4),
(390, 38, 2, '2026-03-24', 'Completed', 7),
(391, 23, 12, '2026-04-09', 'Completed', 1),
(392, 60, 2, '2025-05-08', 'Completed', 1),
(393, 19, 7, '2026-01-17', 'Completed', 3),
(394, 50, 11, '2025-09-17', 'Returned', 7),
(395, 24, 7, '2026-02-21', 'Completed', 7),
(396, 25, 2, '2025-12-08', 'Cancelled', 3),
(397, 42, 14, '2025-04-14', 'Completed', 2),
(398, 12, 9, '2026-05-16', 'Completed', 3),
(399, 47, 4, '2025-08-21', 'Completed', 1),
(400, 20, 8, '2025-07-26', 'Cancelled', 7);
INSERT INTO `orders` (`order_id`, `customer_id`, `employee_id`, `order_date`, `status`, `region_id`) VALUES
(401, 35, 7, '2025-10-11', 'Completed', 4),
(402, 30, 6, '2025-11-26', 'Completed', 5),
(403, 13, 12, '2024-07-29', 'Returned', 2),
(404, 3, 13, '2024-09-18', 'Pending', 7),
(405, 40, 13, '2025-05-30', 'Completed', 4),
(406, 14, 2, '2026-04-01', 'Completed', 1),
(407, 29, 10, '2026-04-01', 'Cancelled', 1),
(408, 16, 12, '2024-12-27', 'Completed', 7),
(409, 29, 4, '2025-07-28', 'Completed', 4),
(410, 49, 14, '2026-06-18', 'Returned', 1),
(411, 9, 9, '2024-07-29', 'Completed', 4),
(412, 53, 12, '2025-04-09', 'Completed', 6),
(413, 37, 10, '2026-01-09', 'Returned', 6),
(414, 16, 5, '2026-06-02', 'Completed', 4),
(415, 27, 5, '2024-11-16', 'Completed', 1),
(416, 36, 10, '2025-05-17', 'Returned', 3),
(417, 41, 11, '2026-04-06', 'Completed', 8),
(418, 4, 6, '2026-01-16', 'Pending', 7),
(419, 51, 9, '2025-01-25', 'Completed', 7),
(420, 27, 3, '2024-10-30', 'Completed', 7),
(421, 12, 13, '2025-01-31', 'Completed', 8),
(422, 16, 14, '2026-05-01', 'Completed', 5),
(423, 55, 12, '2025-11-15', 'Completed', 8),
(424, 59, 1, '2026-04-20', 'Completed', 7),
(425, 27, 9, '2025-06-03', 'Completed', 3),
(426, 25, 4, '2025-10-15', 'Completed', 4),
(427, 22, 11, '2024-09-04', 'Completed', 8),
(428, 55, 6, '2025-06-30', 'Completed', 4),
(429, 4, 5, '2024-11-09', 'Completed', 1),
(430, 56, 2, '2025-08-31', 'Completed', 4),
(431, 31, 4, '2026-04-13', 'Completed', 5),
(432, 59, 1, '2025-08-03', 'Completed', 4),
(433, 48, 2, '2025-04-13', 'Returned', 8),
(434, 59, 4, '2025-02-21', 'Cancelled', 4),
(435, 26, 4, '2024-07-19', 'Completed', 6),
(436, 50, 5, '2025-05-27', 'Completed', 8),
(437, 35, 11, '2026-04-15', 'Completed', 5),
(438, 17, 6, '2026-04-15', 'Completed', 8),
(439, 30, 2, '2026-04-05', 'Cancelled', 8),
(440, 49, 14, '2024-09-04', 'Completed', 4),
(441, 24, 6, '2025-02-22', 'Completed', 1),
(442, 37, 14, '2025-10-16', 'Completed', 3),
(443, 2, 5, '2025-12-01', 'Completed', 7),
(444, 19, 3, '2024-10-28', 'Completed', 6),
(445, 15, 7, '2025-12-17', 'Completed', 4),
(446, 32, 9, '2024-09-05', 'Pending', 6),
(447, 17, 13, '2025-11-27', 'Completed', 8),
(448, 30, 3, '2025-10-06', 'Returned', 6),
(449, 11, 3, '2024-09-01', 'Cancelled', 8),
(450, 12, 9, '2025-11-28', 'Pending', 1);

-- order_items: 1356 rows
INSERT INTO `order_items` (`order_item_id`, `order_id`, `product_id`, `quantity`, `unit_price`, `discount_pct`) VALUES
(1, 1, 3, 2, 928.49, 15.0),
(2, 1, 4, 1, 583.44, 5.0),
(3, 1, 9, 11, 743.43, 0.0),
(4, 1, 5, 12, 360.87, 0.0),
(5, 1, 1, 4, 978.65, 10.0),
(6, 2, 24, 1, 1151.77, 10.0),
(7, 2, 41, 11, 390.45, 10.0),
(8, 2, 31, 11, 113.71, 5.0),
(9, 2, 2, 1, 835.63, 10.0),
(10, 3, 27, 1, 865.82, 0.0),
(11, 3, 34, 12, 1275.02, 0.0),
(12, 3, 35, 5, 21.94, 0.0),
(13, 3, 33, 12, 696.34, 15.0),
(14, 3, 28, 3, 1278.2, 0.0),
(15, 4, 34, 3, 1275.02, 0.0),
(16, 5, 40, 9, 817.38, 0.0),
(17, 5, 23, 5, 1720.4, 5.0),
(18, 6, 24, 7, 1151.77, 5.0),
(19, 7, 16, 12, 745.63, 0.0),
(20, 7, 20, 11, 1054.7, 0.0),
(21, 7, 42, 11, 1158.31, 0.0),
(22, 7, 6, 7, 1400.78, 5.0),
(23, 7, 25, 9, 891.13, 5.0),
(24, 8, 41, 1, 390.45, 15.0),
(25, 9, 6, 8, 1400.78, 5.0),
(26, 9, 42, 6, 1158.31, 10.0),
(27, 10, 34, 1, 1275.02, 0.0),
(28, 11, 45, 10, 236.64, 5.0),
(29, 11, 18, 1, 452.27, 0.0),
(30, 12, 35, 10, 21.94, 15.0),
(31, 12, 3, 3, 928.49, 0.0),
(32, 12, 2, 4, 835.63, 10.0),
(33, 13, 26, 2, 1701.66, 0.0),
(34, 13, 11, 10, 939.02, 0.0),
(35, 14, 25, 11, 891.13, 10.0),
(36, 14, 22, 7, 901.57, 15.0),
(37, 14, 9, 12, 743.43, 15.0),
(38, 14, 6, 9, 1400.78, 15.0),
(39, 14, 23, 1, 1720.4, 0.0),
(40, 15, 15, 2, 1180.53, 0.0),
(41, 15, 39, 10, 1645.75, 10.0),
(42, 15, 26, 6, 1701.66, 0.0),
(43, 15, 41, 5, 390.45, 5.0),
(44, 16, 15, 6, 1180.53, 10.0),
(45, 16, 25, 7, 891.13, 0.0),
(46, 16, 44, 10, 1263.12, 15.0),
(47, 16, 25, 2, 891.13, 10.0),
(48, 17, 16, 12, 745.63, 0.0),
(49, 17, 6, 5, 1400.78, 0.0),
(50, 17, 25, 12, 891.13, 15.0),
(51, 18, 25, 6, 891.13, 0.0),
(52, 18, 7, 2, 817.74, 0.0),
(53, 19, 29, 6, 338.71, 0.0),
(54, 19, 7, 3, 817.74, 0.0),
(55, 19, 12, 7, 214.08, 5.0),
(56, 20, 36, 9, 1267.27, 5.0),
(57, 20, 7, 1, 817.74, 0.0),
(58, 20, 23, 9, 1720.4, 0.0),
(59, 20, 39, 10, 1645.75, 0.0),
(60, 20, 25, 1, 891.13, 0.0),
(61, 21, 25, 2, 891.13, 15.0),
(62, 21, 36, 4, 1267.27, 10.0),
(63, 21, 34, 3, 1275.02, 15.0),
(64, 21, 25, 3, 891.13, 0.0),
(65, 22, 20, 5, 1054.7, 5.0),
(66, 22, 10, 2, 1003.47, 0.0),
(67, 22, 28, 5, 1278.2, 5.0),
(68, 23, 31, 2, 113.71, 0.0),
(69, 23, 17, 4, 1097.43, 15.0),
(70, 23, 41, 8, 390.45, 10.0),
(71, 24, 13, 8, 917.26, 0.0),
(72, 24, 9, 5, 743.43, 0.0),
(73, 24, 26, 6, 1701.66, 10.0),
(74, 24, 25, 6, 891.13, 5.0),
(75, 24, 22, 7, 901.57, 15.0),
(76, 25, 9, 5, 743.43, 0.0),
(77, 25, 39, 12, 1645.75, 0.0),
(78, 25, 31, 6, 113.71, 0.0),
(79, 25, 26, 6, 1701.66, 0.0),
(80, 25, 45, 11, 236.64, 5.0),
(81, 26, 16, 6, 745.63, 5.0),
(82, 26, 18, 7, 452.27, 0.0),
(83, 26, 8, 10, 460.39, 0.0),
(84, 26, 38, 9, 1052.63, 0.0),
(85, 26, 44, 9, 1263.12, 0.0),
(86, 27, 14, 8, 181.71, 0.0),
(87, 27, 45, 2, 236.64, 5.0),
(88, 27, 44, 8, 1263.12, 0.0),
(89, 27, 41, 5, 390.45, 0.0),
(90, 28, 43, 3, 902.64, 15.0),
(91, 28, 28, 7, 1278.2, 0.0),
(92, 28, 29, 10, 338.71, 5.0),
(93, 29, 26, 9, 1701.66, 10.0),
(94, 29, 45, 7, 236.64, 10.0),
(95, 29, 3, 6, 928.49, 15.0),
(96, 29, 35, 10, 21.94, 15.0),
(97, 29, 6, 2, 1400.78, 0.0),
(98, 30, 11, 11, 939.02, 10.0),
(99, 30, 3, 10, 928.49, 15.0),
(100, 30, 44, 11, 1263.12, 5.0),
(101, 31, 28, 2, 1278.2, 0.0),
(102, 31, 7, 5, 817.74, 0.0),
(103, 31, 33, 12, 696.34, 10.0),
(104, 32, 38, 12, 1052.63, 10.0),
(105, 32, 15, 8, 1180.53, 0.0),
(106, 32, 26, 8, 1701.66, 15.0),
(107, 32, 38, 12, 1052.63, 10.0),
(108, 32, 10, 6, 1003.47, 0.0),
(109, 33, 7, 5, 817.74, 5.0),
(110, 33, 6, 2, 1400.78, 15.0),
(111, 33, 10, 6, 1003.47, 0.0),
(112, 33, 22, 8, 901.57, 0.0),
(113, 34, 31, 6, 113.71, 5.0),
(114, 34, 7, 8, 817.74, 15.0),
(115, 34, 45, 8, 236.64, 0.0),
(116, 34, 5, 5, 360.87, 0.0),
(117, 34, 8, 1, 460.39, 0.0),
(118, 35, 44, 3, 1263.12, 15.0),
(119, 36, 34, 3, 1275.02, 10.0),
(120, 36, 11, 6, 939.02, 10.0),
(121, 37, 30, 4, 355.34, 5.0),
(122, 37, 41, 3, 390.45, 0.0),
(123, 37, 41, 11, 390.45, 5.0),
(124, 37, 26, 1, 1701.66, 15.0),
(125, 38, 13, 8, 917.26, 10.0),
(126, 38, 28, 7, 1278.2, 0.0),
(127, 38, 14, 4, 181.71, 0.0),
(128, 38, 5, 10, 360.87, 0.0),
(129, 38, 35, 3, 21.94, 0.0),
(130, 39, 13, 8, 917.26, 0.0),
(131, 39, 17, 11, 1097.43, 5.0),
(132, 39, 34, 11, 1275.02, 0.0),
(133, 40, 25, 10, 891.13, 5.0),
(134, 40, 38, 2, 1052.63, 0.0),
(135, 40, 23, 8, 1720.4, 10.0),
(136, 40, 12, 11, 214.08, 15.0),
(137, 40, 20, 10, 1054.7, 10.0),
(138, 41, 44, 3, 1263.12, 0.0),
(139, 42, 16, 5, 745.63, 0.0),
(140, 43, 24, 12, 1151.77, 0.0),
(141, 43, 33, 7, 696.34, 5.0),
(142, 44, 9, 10, 743.43, 5.0),
(143, 44, 28, 3, 1278.2, 5.0),
(144, 44, 41, 9, 390.45, 15.0),
(145, 44, 42, 3, 1158.31, 10.0),
(146, 44, 11, 8, 939.02, 0.0),
(147, 45, 12, 6, 214.08, 5.0),
(148, 45, 40, 1, 817.38, 0.0),
(149, 46, 32, 3, 1293.11, 0.0),
(150, 47, 36, 9, 1267.27, 15.0),
(151, 47, 32, 7, 1293.11, 15.0),
(152, 47, 32, 7, 1293.11, 15.0),
(153, 47, 29, 8, 338.71, 0.0),
(154, 48, 37, 1, 454.76, 0.0),
(155, 49, 3, 5, 928.49, 0.0),
(156, 49, 35, 5, 21.94, 0.0),
(157, 49, 30, 10, 355.34, 15.0),
(158, 50, 36, 9, 1267.27, 0.0),
(159, 50, 37, 2, 454.76, 0.0),
(160, 50, 35, 6, 21.94, 10.0),
(161, 50, 3, 12, 928.49, 5.0),
(162, 51, 14, 7, 181.71, 0.0),
(163, 51, 42, 4, 1158.31, 0.0),
(164, 51, 3, 8, 928.49, 0.0),
(165, 51, 23, 2, 1720.4, 5.0),
(166, 51, 8, 4, 460.39, 0.0),
(167, 52, 45, 6, 236.64, 15.0),
(168, 52, 40, 11, 817.38, 5.0),
(169, 52, 11, 10, 939.02, 0.0),
(170, 52, 14, 4, 181.71, 0.0),
(171, 52, 37, 6, 454.76, 10.0),
(172, 53, 39, 9, 1645.75, 0.0),
(173, 53, 21, 12, 798.73, 0.0),
(174, 53, 19, 10, 1801.12, 0.0),
(175, 54, 44, 2, 1263.12, 0.0),
(176, 54, 27, 1, 865.82, 0.0),
(177, 54, 42, 3, 1158.31, 15.0),
(178, 54, 9, 4, 743.43, 0.0),
(179, 54, 21, 4, 798.73, 15.0),
(180, 55, 32, 3, 1293.11, 10.0),
(181, 55, 41, 5, 390.45, 15.0),
(182, 55, 27, 7, 865.82, 5.0),
(183, 55, 5, 11, 360.87, 0.0),
(184, 56, 33, 12, 696.34, 0.0),
(185, 56, 45, 6, 236.64, 5.0),
(186, 56, 32, 6, 1293.11, 10.0),
(187, 56, 1, 12, 978.65, 0.0),
(188, 57, 41, 11, 390.45, 15.0),
(189, 57, 23, 2, 1720.4, 10.0),
(190, 57, 26, 4, 1701.66, 5.0),
(191, 57, 14, 8, 181.71, 0.0),
(192, 58, 19, 6, 1801.12, 10.0),
(193, 58, 37, 3, 454.76, 10.0),
(194, 58, 32, 6, 1293.11, 15.0),
(195, 59, 3, 2, 928.49, 15.0),
(196, 60, 2, 2, 835.63, 0.0),
(197, 60, 29, 8, 338.71, 0.0),
(198, 60, 28, 4, 1278.2, 15.0),
(199, 60, 9, 11, 743.43, 0.0),
(200, 61, 18, 2, 452.27, 15.0);
INSERT INTO `order_items` (`order_item_id`, `order_id`, `product_id`, `quantity`, `unit_price`, `discount_pct`) VALUES
(201, 61, 24, 5, 1151.77, 0.0),
(202, 62, 43, 11, 902.64, 0.0),
(203, 62, 4, 7, 583.44, 15.0),
(204, 62, 20, 12, 1054.7, 15.0),
(205, 63, 28, 11, 1278.2, 0.0),
(206, 63, 7, 1, 817.74, 0.0),
(207, 64, 5, 3, 360.87, 10.0),
(208, 64, 15, 9, 1180.53, 15.0),
(209, 64, 29, 1, 338.71, 0.0),
(210, 64, 45, 6, 236.64, 0.0),
(211, 65, 45, 3, 236.64, 5.0),
(212, 65, 5, 4, 360.87, 5.0),
(213, 65, 6, 12, 1400.78, 0.0),
(214, 65, 7, 6, 817.74, 0.0),
(215, 66, 9, 7, 743.43, 0.0),
(216, 66, 42, 11, 1158.31, 0.0),
(217, 66, 5, 9, 360.87, 10.0),
(218, 67, 40, 11, 817.38, 0.0),
(219, 68, 23, 12, 1720.4, 0.0),
(220, 68, 41, 12, 390.45, 0.0),
(221, 68, 27, 10, 865.82, 15.0),
(222, 68, 29, 4, 338.71, 0.0),
(223, 69, 9, 2, 743.43, 10.0),
(224, 70, 23, 7, 1720.4, 0.0),
(225, 70, 9, 4, 743.43, 0.0),
(226, 70, 42, 2, 1158.31, 0.0),
(227, 70, 36, 10, 1267.27, 10.0),
(228, 71, 19, 12, 1801.12, 0.0),
(229, 71, 43, 5, 902.64, 0.0),
(230, 71, 34, 10, 1275.02, 10.0),
(231, 71, 13, 12, 917.26, 5.0),
(232, 71, 19, 11, 1801.12, 0.0),
(233, 72, 32, 7, 1293.11, 0.0),
(234, 72, 16, 8, 745.63, 15.0),
(235, 73, 5, 9, 360.87, 0.0),
(236, 73, 24, 6, 1151.77, 0.0),
(237, 73, 25, 10, 891.13, 5.0),
(238, 73, 24, 9, 1151.77, 15.0),
(239, 73, 12, 8, 214.08, 0.0),
(240, 74, 38, 2, 1052.63, 0.0),
(241, 75, 14, 1, 181.71, 0.0),
(242, 75, 26, 9, 1701.66, 0.0),
(243, 75, 41, 12, 390.45, 10.0),
(244, 76, 28, 12, 1278.2, 5.0),
(245, 76, 6, 11, 1400.78, 10.0),
(246, 76, 35, 10, 21.94, 0.0),
(247, 76, 18, 2, 452.27, 0.0),
(248, 77, 33, 4, 696.34, 0.0),
(249, 78, 21, 7, 798.73, 10.0),
(250, 78, 41, 11, 390.45, 15.0),
(251, 78, 42, 2, 1158.31, 0.0),
(252, 78, 45, 7, 236.64, 15.0),
(253, 78, 16, 1, 745.63, 0.0),
(254, 79, 28, 2, 1278.2, 5.0),
(255, 80, 39, 1, 1645.75, 0.0),
(256, 80, 43, 12, 902.64, 15.0),
(257, 80, 12, 2, 214.08, 0.0),
(258, 80, 9, 12, 743.43, 0.0),
(259, 80, 11, 8, 939.02, 0.0),
(260, 81, 34, 12, 1275.02, 0.0),
(261, 81, 11, 6, 939.02, 0.0),
(262, 81, 18, 12, 452.27, 0.0),
(263, 81, 2, 6, 835.63, 5.0),
(264, 81, 18, 9, 452.27, 0.0),
(265, 82, 37, 11, 454.76, 0.0),
(266, 82, 32, 8, 1293.11, 10.0),
(267, 82, 24, 1, 1151.77, 5.0),
(268, 83, 11, 6, 939.02, 0.0),
(269, 83, 17, 2, 1097.43, 10.0),
(270, 83, 44, 12, 1263.12, 0.0),
(271, 83, 15, 12, 1180.53, 10.0),
(272, 83, 1, 1, 978.65, 0.0),
(273, 84, 3, 8, 928.49, 0.0),
(274, 84, 25, 3, 891.13, 0.0),
(275, 85, 36, 12, 1267.27, 15.0),
(276, 86, 15, 6, 1180.53, 0.0),
(277, 86, 27, 12, 865.82, 0.0),
(278, 86, 18, 2, 452.27, 10.0),
(279, 86, 24, 2, 1151.77, 10.0),
(280, 87, 12, 4, 214.08, 10.0),
(281, 88, 26, 2, 1701.66, 5.0),
(282, 89, 20, 6, 1054.7, 0.0),
(283, 89, 36, 8, 1267.27, 0.0),
(284, 89, 24, 4, 1151.77, 0.0),
(285, 90, 20, 12, 1054.7, 10.0),
(286, 90, 16, 8, 745.63, 0.0),
(287, 90, 38, 8, 1052.63, 0.0),
(288, 90, 35, 4, 21.94, 0.0),
(289, 90, 1, 7, 978.65, 0.0),
(290, 91, 35, 6, 21.94, 15.0),
(291, 91, 45, 1, 236.64, 0.0),
(292, 92, 43, 7, 902.64, 15.0),
(293, 93, 7, 4, 817.74, 10.0),
(294, 93, 16, 7, 745.63, 5.0),
(295, 93, 4, 3, 583.44, 15.0),
(296, 94, 6, 1, 1400.78, 0.0),
(297, 94, 34, 7, 1275.02, 15.0),
(298, 94, 24, 8, 1151.77, 15.0),
(299, 95, 38, 2, 1052.63, 10.0),
(300, 96, 41, 7, 390.45, 0.0),
(301, 96, 38, 10, 1052.63, 0.0),
(302, 97, 43, 3, 902.64, 0.0),
(303, 97, 19, 5, 1801.12, 0.0),
(304, 97, 26, 12, 1701.66, 15.0),
(305, 97, 21, 6, 798.73, 5.0),
(306, 98, 15, 2, 1180.53, 0.0),
(307, 98, 9, 10, 743.43, 0.0),
(308, 98, 10, 2, 1003.47, 0.0),
(309, 99, 30, 6, 355.34, 5.0),
(310, 99, 8, 9, 460.39, 0.0),
(311, 99, 14, 8, 181.71, 0.0),
(312, 99, 30, 5, 355.34, 0.0),
(313, 100, 11, 11, 939.02, 0.0),
(314, 101, 3, 4, 928.49, 0.0),
(315, 101, 10, 2, 1003.47, 15.0),
(316, 101, 16, 6, 745.63, 5.0),
(317, 101, 33, 1, 696.34, 15.0),
(318, 101, 20, 5, 1054.7, 0.0),
(319, 102, 26, 8, 1701.66, 10.0),
(320, 103, 16, 2, 745.63, 5.0),
(321, 103, 7, 3, 817.74, 0.0),
(322, 103, 1, 1, 978.65, 0.0),
(323, 103, 9, 4, 743.43, 5.0),
(324, 103, 24, 11, 1151.77, 15.0),
(325, 104, 38, 10, 1052.63, 0.0),
(326, 105, 2, 2, 835.63, 0.0),
(327, 106, 9, 2, 743.43, 0.0),
(328, 106, 8, 1, 460.39, 5.0),
(329, 106, 4, 3, 583.44, 10.0),
(330, 106, 28, 12, 1278.2, 5.0),
(331, 107, 2, 7, 835.63, 15.0),
(332, 107, 28, 3, 1278.2, 0.0),
(333, 107, 14, 3, 181.71, 0.0),
(334, 107, 18, 8, 452.27, 0.0),
(335, 108, 40, 10, 817.38, 10.0),
(336, 109, 42, 5, 1158.31, 5.0),
(337, 109, 27, 9, 865.82, 5.0),
(338, 110, 6, 5, 1400.78, 5.0),
(339, 111, 27, 4, 865.82, 15.0),
(340, 111, 34, 4, 1275.02, 15.0),
(341, 112, 2, 7, 835.63, 15.0),
(342, 112, 23, 8, 1720.4, 10.0),
(343, 112, 32, 6, 1293.11, 10.0),
(344, 112, 33, 6, 696.34, 5.0),
(345, 112, 18, 3, 452.27, 0.0),
(346, 113, 39, 4, 1645.75, 0.0),
(347, 113, 18, 1, 452.27, 5.0),
(348, 113, 34, 6, 1275.02, 10.0),
(349, 114, 11, 2, 939.02, 0.0),
(350, 114, 43, 4, 902.64, 0.0),
(351, 115, 4, 4, 583.44, 10.0),
(352, 115, 25, 6, 891.13, 0.0),
(353, 115, 12, 4, 214.08, 10.0),
(354, 115, 21, 12, 798.73, 15.0),
(355, 115, 23, 10, 1720.4, 0.0),
(356, 116, 37, 10, 454.76, 0.0),
(357, 116, 37, 4, 454.76, 5.0),
(358, 116, 35, 5, 21.94, 0.0),
(359, 117, 3, 2, 928.49, 0.0),
(360, 117, 15, 10, 1180.53, 0.0),
(361, 117, 2, 9, 835.63, 5.0),
(362, 117, 1, 6, 978.65, 10.0),
(363, 118, 9, 6, 743.43, 15.0),
(364, 118, 12, 6, 214.08, 0.0),
(365, 119, 10, 10, 1003.47, 15.0),
(366, 120, 8, 9, 460.39, 0.0),
(367, 120, 5, 6, 360.87, 15.0),
(368, 121, 38, 2, 1052.63, 0.0),
(369, 121, 20, 6, 1054.7, 0.0),
(370, 121, 11, 12, 939.02, 5.0),
(371, 121, 41, 8, 390.45, 15.0),
(372, 122, 12, 12, 214.08, 10.0),
(373, 122, 45, 10, 236.64, 0.0),
(374, 122, 15, 11, 1180.53, 10.0),
(375, 123, 25, 5, 891.13, 15.0),
(376, 123, 45, 5, 236.64, 0.0),
(377, 124, 1, 12, 978.65, 10.0),
(378, 124, 26, 10, 1701.66, 0.0),
(379, 125, 39, 6, 1645.75, 10.0),
(380, 125, 15, 11, 1180.53, 10.0),
(381, 126, 32, 3, 1293.11, 0.0),
(382, 127, 16, 6, 745.63, 0.0),
(383, 128, 41, 2, 390.45, 15.0),
(384, 128, 43, 11, 902.64, 15.0),
(385, 129, 29, 1, 338.71, 0.0),
(386, 129, 14, 4, 181.71, 15.0),
(387, 129, 5, 6, 360.87, 0.0),
(388, 130, 1, 1, 978.65, 5.0),
(389, 131, 27, 3, 865.82, 5.0),
(390, 131, 32, 7, 1293.11, 0.0),
(391, 131, 35, 7, 21.94, 0.0),
(392, 131, 31, 10, 113.71, 15.0),
(393, 132, 11, 8, 939.02, 0.0),
(394, 132, 3, 5, 928.49, 0.0),
(395, 133, 17, 2, 1097.43, 0.0),
(396, 133, 22, 3, 901.57, 5.0),
(397, 133, 11, 12, 939.02, 0.0),
(398, 134, 6, 6, 1400.78, 10.0),
(399, 134, 40, 8, 817.38, 15.0),
(400, 134, 2, 7, 835.63, 15.0);
INSERT INTO `order_items` (`order_item_id`, `order_id`, `product_id`, `quantity`, `unit_price`, `discount_pct`) VALUES
(401, 134, 11, 10, 939.02, 5.0),
(402, 134, 11, 1, 939.02, 0.0),
(403, 135, 14, 4, 181.71, 5.0),
(404, 135, 45, 9, 236.64, 15.0),
(405, 135, 35, 5, 21.94, 15.0),
(406, 136, 20, 4, 1054.7, 0.0),
(407, 136, 4, 7, 583.44, 10.0),
(408, 136, 36, 8, 1267.27, 0.0),
(409, 137, 24, 1, 1151.77, 5.0),
(410, 138, 19, 11, 1801.12, 15.0),
(411, 139, 31, 4, 113.71, 0.0),
(412, 139, 2, 4, 835.63, 0.0),
(413, 139, 41, 5, 390.45, 0.0),
(414, 139, 31, 2, 113.71, 0.0),
(415, 139, 26, 8, 1701.66, 5.0),
(416, 140, 6, 11, 1400.78, 10.0),
(417, 140, 25, 3, 891.13, 0.0),
(418, 140, 25, 6, 891.13, 0.0),
(419, 141, 3, 5, 928.49, 5.0),
(420, 141, 30, 5, 355.34, 0.0),
(421, 141, 18, 10, 452.27, 0.0),
(422, 141, 10, 12, 1003.47, 15.0),
(423, 142, 6, 11, 1400.78, 0.0),
(424, 143, 27, 10, 865.82, 0.0),
(425, 143, 36, 1, 1267.27, 5.0),
(426, 143, 34, 7, 1275.02, 10.0),
(427, 143, 44, 8, 1263.12, 10.0),
(428, 143, 16, 8, 745.63, 0.0),
(429, 144, 26, 12, 1701.66, 0.0),
(430, 145, 37, 9, 454.76, 10.0),
(431, 145, 44, 10, 1263.12, 0.0),
(432, 145, 8, 8, 460.39, 0.0),
(433, 145, 11, 4, 939.02, 0.0),
(434, 145, 9, 1, 743.43, 5.0),
(435, 146, 44, 7, 1263.12, 0.0),
(436, 147, 39, 5, 1645.75, 0.0),
(437, 147, 5, 2, 360.87, 5.0),
(438, 148, 26, 9, 1701.66, 0.0),
(439, 148, 18, 9, 452.27, 5.0),
(440, 148, 1, 12, 978.65, 10.0),
(441, 148, 38, 9, 1052.63, 5.0),
(442, 148, 8, 7, 460.39, 0.0),
(443, 149, 37, 10, 454.76, 10.0),
(444, 149, 7, 2, 817.74, 10.0),
(445, 150, 19, 9, 1801.12, 0.0),
(446, 151, 17, 7, 1097.43, 15.0),
(447, 151, 32, 10, 1293.11, 10.0),
(448, 151, 31, 1, 113.71, 0.0),
(449, 151, 18, 7, 452.27, 0.0),
(450, 152, 39, 11, 1645.75, 15.0),
(451, 152, 26, 1, 1701.66, 5.0),
(452, 152, 22, 12, 901.57, 0.0),
(453, 152, 4, 12, 583.44, 5.0),
(454, 152, 18, 6, 452.27, 0.0),
(455, 153, 20, 5, 1054.7, 0.0),
(456, 153, 32, 12, 1293.11, 15.0),
(457, 153, 7, 4, 817.74, 0.0),
(458, 154, 29, 6, 338.71, 0.0),
(459, 154, 27, 10, 865.82, 15.0),
(460, 154, 6, 4, 1400.78, 5.0),
(461, 155, 27, 12, 865.82, 5.0),
(462, 155, 34, 6, 1275.02, 0.0),
(463, 156, 11, 2, 939.02, 0.0),
(464, 156, 33, 7, 696.34, 0.0),
(465, 156, 34, 10, 1275.02, 0.0),
(466, 156, 12, 4, 214.08, 0.0),
(467, 156, 4, 4, 583.44, 0.0),
(468, 157, 4, 6, 583.44, 15.0),
(469, 157, 13, 5, 917.26, 0.0),
(470, 157, 30, 9, 355.34, 5.0),
(471, 157, 41, 2, 390.45, 15.0),
(472, 158, 16, 6, 745.63, 5.0),
(473, 159, 29, 3, 338.71, 5.0),
(474, 159, 38, 9, 1052.63, 0.0),
(475, 159, 23, 3, 1720.4, 0.0),
(476, 159, 45, 2, 236.64, 0.0),
(477, 159, 2, 7, 835.63, 0.0),
(478, 160, 37, 4, 454.76, 0.0),
(479, 160, 42, 4, 1158.31, 15.0),
(480, 161, 18, 11, 452.27, 5.0),
(481, 161, 33, 1, 696.34, 15.0),
(482, 162, 31, 3, 113.71, 15.0),
(483, 163, 39, 1, 1645.75, 0.0),
(484, 163, 17, 10, 1097.43, 0.0),
(485, 164, 28, 7, 1278.2, 0.0),
(486, 164, 30, 5, 355.34, 0.0),
(487, 164, 30, 5, 355.34, 15.0),
(488, 165, 40, 7, 817.38, 10.0),
(489, 165, 7, 1, 817.74, 10.0),
(490, 165, 43, 6, 902.64, 10.0),
(491, 165, 42, 10, 1158.31, 10.0),
(492, 165, 19, 5, 1801.12, 15.0),
(493, 166, 31, 2, 113.71, 0.0),
(494, 167, 41, 6, 390.45, 0.0),
(495, 167, 17, 11, 1097.43, 15.0),
(496, 167, 42, 5, 1158.31, 0.0),
(497, 168, 34, 4, 1275.02, 0.0),
(498, 168, 39, 7, 1645.75, 15.0),
(499, 169, 44, 3, 1263.12, 15.0),
(500, 169, 2, 11, 835.63, 5.0),
(501, 169, 19, 5, 1801.12, 5.0),
(502, 170, 25, 12, 891.13, 0.0),
(503, 170, 38, 12, 1052.63, 10.0),
(504, 170, 13, 6, 917.26, 15.0),
(505, 170, 15, 11, 1180.53, 10.0),
(506, 171, 43, 6, 902.64, 10.0),
(507, 171, 20, 3, 1054.7, 15.0),
(508, 171, 36, 3, 1267.27, 0.0),
(509, 171, 7, 8, 817.74, 0.0),
(510, 172, 36, 3, 1267.27, 15.0),
(511, 172, 22, 11, 901.57, 0.0),
(512, 172, 15, 6, 1180.53, 0.0),
(513, 173, 27, 6, 865.82, 0.0),
(514, 173, 17, 10, 1097.43, 0.0),
(515, 173, 30, 2, 355.34, 5.0),
(516, 174, 41, 10, 390.45, 10.0),
(517, 175, 5, 8, 360.87, 0.0),
(518, 175, 33, 2, 696.34, 15.0),
(519, 175, 25, 9, 891.13, 0.0),
(520, 175, 27, 1, 865.82, 0.0),
(521, 175, 9, 4, 743.43, 0.0),
(522, 176, 37, 8, 454.76, 0.0),
(523, 176, 21, 12, 798.73, 0.0),
(524, 176, 6, 8, 1400.78, 0.0),
(525, 176, 41, 3, 390.45, 0.0),
(526, 177, 1, 8, 978.65, 0.0),
(527, 178, 11, 10, 939.02, 0.0),
(528, 178, 32, 2, 1293.11, 0.0),
(529, 179, 28, 11, 1278.2, 5.0),
(530, 179, 26, 7, 1701.66, 5.0),
(531, 179, 25, 1, 891.13, 0.0),
(532, 179, 35, 4, 21.94, 15.0),
(533, 179, 24, 1, 1151.77, 0.0),
(534, 180, 13, 1, 917.26, 15.0),
(535, 180, 1, 11, 978.65, 15.0),
(536, 180, 16, 4, 745.63, 15.0),
(537, 180, 23, 5, 1720.4, 0.0),
(538, 180, 7, 7, 817.74, 10.0),
(539, 181, 20, 3, 1054.7, 0.0),
(540, 181, 3, 5, 928.49, 0.0),
(541, 181, 30, 12, 355.34, 10.0),
(542, 181, 39, 9, 1645.75, 0.0),
(543, 181, 28, 11, 1278.2, 0.0),
(544, 182, 32, 6, 1293.11, 0.0),
(545, 182, 11, 7, 939.02, 0.0),
(546, 182, 15, 4, 1180.53, 15.0),
(547, 183, 14, 12, 181.71, 0.0),
(548, 183, 38, 9, 1052.63, 0.0),
(549, 184, 24, 12, 1151.77, 15.0),
(550, 185, 25, 11, 891.13, 0.0),
(551, 186, 40, 1, 817.38, 10.0),
(552, 186, 4, 11, 583.44, 0.0),
(553, 186, 42, 1, 1158.31, 0.0),
(554, 186, 45, 2, 236.64, 5.0),
(555, 186, 29, 7, 338.71, 0.0),
(556, 187, 17, 8, 1097.43, 15.0),
(557, 187, 10, 4, 1003.47, 15.0),
(558, 187, 44, 11, 1263.12, 0.0),
(559, 187, 20, 7, 1054.7, 15.0),
(560, 187, 7, 11, 817.74, 10.0),
(561, 188, 40, 10, 817.38, 15.0),
(562, 188, 9, 7, 743.43, 0.0),
(563, 188, 33, 12, 696.34, 10.0),
(564, 189, 19, 2, 1801.12, 0.0),
(565, 190, 13, 10, 917.26, 0.0),
(566, 190, 17, 9, 1097.43, 0.0),
(567, 190, 23, 12, 1720.4, 5.0),
(568, 190, 19, 3, 1801.12, 0.0),
(569, 191, 32, 4, 1293.11, 15.0),
(570, 191, 31, 6, 113.71, 0.0),
(571, 191, 1, 1, 978.65, 15.0),
(572, 191, 6, 2, 1400.78, 10.0),
(573, 191, 43, 8, 902.64, 0.0),
(574, 192, 33, 2, 696.34, 15.0),
(575, 193, 17, 11, 1097.43, 0.0),
(576, 194, 19, 5, 1801.12, 5.0),
(577, 194, 4, 2, 583.44, 0.0),
(578, 194, 3, 5, 928.49, 0.0),
(579, 194, 44, 6, 1263.12, 5.0),
(580, 195, 7, 1, 817.74, 0.0),
(581, 196, 43, 11, 902.64, 0.0),
(582, 196, 22, 6, 901.57, 5.0),
(583, 197, 18, 12, 452.27, 0.0),
(584, 197, 24, 6, 1151.77, 0.0),
(585, 197, 8, 7, 460.39, 5.0),
(586, 197, 30, 5, 355.34, 5.0),
(587, 197, 45, 8, 236.64, 5.0),
(588, 198, 8, 3, 460.39, 15.0),
(589, 198, 4, 3, 583.44, 0.0),
(590, 199, 38, 8, 1052.63, 10.0),
(591, 199, 44, 8, 1263.12, 0.0),
(592, 199, 40, 7, 817.38, 0.0),
(593, 199, 40, 1, 817.38, 15.0),
(594, 200, 31, 8, 113.71, 0.0),
(595, 200, 27, 8, 865.82, 0.0),
(596, 201, 17, 11, 1097.43, 0.0),
(597, 202, 44, 9, 1263.12, 15.0),
(598, 203, 37, 4, 454.76, 15.0),
(599, 203, 22, 9, 901.57, 10.0),
(600, 203, 45, 12, 236.64, 10.0);
INSERT INTO `order_items` (`order_item_id`, `order_id`, `product_id`, `quantity`, `unit_price`, `discount_pct`) VALUES
(601, 203, 7, 7, 817.74, 15.0),
(602, 203, 16, 8, 745.63, 0.0),
(603, 204, 10, 9, 1003.47, 10.0),
(604, 204, 4, 1, 583.44, 15.0),
(605, 204, 11, 9, 939.02, 5.0),
(606, 204, 32, 3, 1293.11, 0.0),
(607, 205, 21, 4, 798.73, 0.0),
(608, 205, 18, 1, 452.27, 10.0),
(609, 205, 15, 9, 1180.53, 15.0),
(610, 205, 25, 7, 891.13, 0.0),
(611, 206, 30, 8, 355.34, 10.0),
(612, 207, 6, 8, 1400.78, 5.0),
(613, 207, 21, 2, 798.73, 5.0),
(614, 207, 42, 1, 1158.31, 0.0),
(615, 207, 26, 7, 1701.66, 0.0),
(616, 208, 36, 1, 1267.27, 0.0),
(617, 208, 39, 10, 1645.75, 15.0),
(618, 208, 20, 9, 1054.7, 10.0),
(619, 208, 14, 11, 181.71, 15.0),
(620, 208, 30, 6, 355.34, 0.0),
(621, 209, 15, 8, 1180.53, 0.0),
(622, 210, 40, 10, 817.38, 5.0),
(623, 210, 43, 6, 902.64, 15.0),
(624, 210, 29, 2, 338.71, 0.0),
(625, 210, 43, 4, 902.64, 0.0),
(626, 210, 22, 6, 901.57, 15.0),
(627, 211, 36, 9, 1267.27, 0.0),
(628, 211, 45, 2, 236.64, 0.0),
(629, 211, 11, 8, 939.02, 0.0),
(630, 212, 7, 5, 817.74, 10.0),
(631, 212, 13, 4, 917.26, 0.0),
(632, 212, 26, 4, 1701.66, 5.0),
(633, 212, 13, 12, 917.26, 0.0),
(634, 213, 27, 1, 865.82, 15.0),
(635, 214, 8, 8, 460.39, 5.0),
(636, 214, 43, 10, 902.64, 10.0),
(637, 214, 9, 8, 743.43, 0.0),
(638, 214, 34, 12, 1275.02, 0.0),
(639, 214, 36, 7, 1267.27, 10.0),
(640, 215, 33, 3, 696.34, 15.0),
(641, 215, 38, 3, 1052.63, 15.0),
(642, 215, 9, 2, 743.43, 5.0),
(643, 215, 43, 10, 902.64, 10.0),
(644, 216, 33, 7, 696.34, 5.0),
(645, 216, 39, 12, 1645.75, 0.0),
(646, 216, 18, 7, 452.27, 0.0),
(647, 217, 29, 3, 338.71, 0.0),
(648, 217, 27, 10, 865.82, 15.0),
(649, 217, 33, 5, 696.34, 15.0),
(650, 218, 21, 12, 798.73, 15.0),
(651, 218, 36, 11, 1267.27, 0.0),
(652, 218, 13, 4, 917.26, 10.0),
(653, 218, 19, 11, 1801.12, 0.0),
(654, 218, 44, 3, 1263.12, 15.0),
(655, 219, 33, 9, 696.34, 15.0),
(656, 219, 41, 6, 390.45, 15.0),
(657, 220, 23, 9, 1720.4, 5.0),
(658, 221, 37, 11, 454.76, 15.0),
(659, 221, 27, 11, 865.82, 15.0),
(660, 221, 35, 5, 21.94, 5.0),
(661, 221, 1, 9, 978.65, 0.0),
(662, 221, 2, 7, 835.63, 0.0),
(663, 222, 43, 1, 902.64, 0.0),
(664, 223, 11, 5, 939.02, 15.0),
(665, 223, 17, 3, 1097.43, 0.0),
(666, 223, 45, 5, 236.64, 0.0),
(667, 224, 3, 6, 928.49, 5.0),
(668, 224, 7, 10, 817.74, 15.0),
(669, 224, 36, 4, 1267.27, 15.0),
(670, 224, 42, 9, 1158.31, 5.0),
(671, 224, 16, 9, 745.63, 15.0),
(672, 225, 45, 11, 236.64, 0.0),
(673, 225, 25, 7, 891.13, 5.0),
(674, 225, 44, 6, 1263.12, 10.0),
(675, 226, 1, 12, 978.65, 0.0),
(676, 227, 40, 8, 817.38, 0.0),
(677, 227, 41, 12, 390.45, 15.0),
(678, 228, 38, 9, 1052.63, 15.0),
(679, 228, 39, 4, 1645.75, 15.0),
(680, 228, 13, 5, 917.26, 5.0),
(681, 229, 44, 2, 1263.12, 0.0),
(682, 229, 12, 12, 214.08, 10.0),
(683, 230, 25, 1, 891.13, 5.0),
(684, 231, 36, 5, 1267.27, 0.0),
(685, 231, 11, 10, 939.02, 0.0),
(686, 231, 1, 6, 978.65, 5.0),
(687, 232, 3, 3, 928.49, 0.0),
(688, 232, 39, 1, 1645.75, 15.0),
(689, 233, 43, 5, 902.64, 5.0),
(690, 233, 37, 9, 454.76, 0.0),
(691, 233, 5, 12, 360.87, 0.0),
(692, 233, 34, 4, 1275.02, 0.0),
(693, 233, 34, 2, 1275.02, 10.0),
(694, 234, 27, 9, 865.82, 10.0),
(695, 234, 26, 2, 1701.66, 0.0),
(696, 235, 14, 11, 181.71, 0.0),
(697, 235, 22, 6, 901.57, 0.0),
(698, 236, 40, 9, 817.38, 5.0),
(699, 236, 36, 11, 1267.27, 0.0),
(700, 237, 43, 6, 902.64, 5.0),
(701, 238, 42, 10, 1158.31, 10.0),
(702, 238, 16, 1, 745.63, 15.0),
(703, 239, 25, 2, 891.13, 5.0),
(704, 239, 17, 9, 1097.43, 15.0),
(705, 239, 19, 1, 1801.12, 10.0),
(706, 240, 33, 9, 696.34, 5.0),
(707, 240, 32, 1, 1293.11, 0.0),
(708, 240, 42, 4, 1158.31, 0.0),
(709, 241, 6, 2, 1400.78, 0.0),
(710, 241, 35, 9, 21.94, 0.0),
(711, 241, 41, 2, 390.45, 0.0),
(712, 241, 43, 11, 902.64, 0.0),
(713, 241, 44, 7, 1263.12, 0.0),
(714, 242, 35, 12, 21.94, 15.0),
(715, 242, 28, 11, 1278.2, 0.0),
(716, 243, 2, 8, 835.63, 15.0),
(717, 243, 22, 1, 901.57, 0.0),
(718, 244, 4, 3, 583.44, 0.0),
(719, 245, 5, 10, 360.87, 0.0),
(720, 245, 17, 7, 1097.43, 5.0),
(721, 245, 29, 11, 338.71, 5.0),
(722, 245, 28, 6, 1278.2, 0.0),
(723, 245, 25, 11, 891.13, 0.0),
(724, 246, 1, 11, 978.65, 15.0),
(725, 246, 40, 2, 817.38, 15.0),
(726, 246, 38, 1, 1052.63, 15.0),
(727, 246, 5, 6, 360.87, 10.0),
(728, 246, 7, 5, 817.74, 15.0),
(729, 247, 39, 2, 1645.75, 0.0),
(730, 247, 29, 7, 338.71, 5.0),
(731, 247, 43, 1, 902.64, 5.0),
(732, 248, 35, 4, 21.94, 0.0),
(733, 248, 26, 9, 1701.66, 0.0),
(734, 249, 20, 11, 1054.7, 15.0),
(735, 249, 42, 6, 1158.31, 0.0),
(736, 250, 36, 3, 1267.27, 0.0),
(737, 250, 3, 1, 928.49, 10.0),
(738, 250, 39, 7, 1645.75, 10.0),
(739, 250, 36, 2, 1267.27, 0.0),
(740, 250, 14, 12, 181.71, 15.0),
(741, 251, 14, 7, 181.71, 15.0),
(742, 251, 33, 3, 696.34, 0.0),
(743, 251, 12, 4, 214.08, 10.0),
(744, 252, 13, 2, 917.26, 0.0),
(745, 252, 43, 10, 902.64, 0.0),
(746, 252, 36, 8, 1267.27, 15.0),
(747, 253, 5, 5, 360.87, 15.0),
(748, 253, 5, 5, 360.87, 0.0),
(749, 253, 13, 12, 917.26, 10.0),
(750, 253, 32, 6, 1293.11, 0.0),
(751, 253, 9, 11, 743.43, 15.0),
(752, 254, 7, 5, 817.74, 10.0),
(753, 254, 5, 4, 360.87, 0.0),
(754, 255, 29, 6, 338.71, 10.0),
(755, 255, 43, 5, 902.64, 15.0),
(756, 255, 38, 3, 1052.63, 10.0),
(757, 255, 37, 6, 454.76, 0.0),
(758, 256, 11, 1, 939.02, 0.0),
(759, 256, 16, 4, 745.63, 15.0),
(760, 256, 42, 7, 1158.31, 0.0),
(761, 256, 24, 3, 1151.77, 15.0),
(762, 257, 31, 8, 113.71, 5.0),
(763, 257, 23, 5, 1720.4, 5.0),
(764, 257, 36, 2, 1267.27, 0.0),
(765, 258, 6, 5, 1400.78, 0.0),
(766, 258, 35, 4, 21.94, 0.0),
(767, 258, 41, 2, 390.45, 15.0),
(768, 258, 5, 1, 360.87, 10.0),
(769, 258, 41, 1, 390.45, 10.0),
(770, 259, 26, 10, 1701.66, 0.0),
(771, 259, 3, 9, 928.49, 0.0),
(772, 259, 35, 9, 21.94, 5.0),
(773, 259, 42, 3, 1158.31, 0.0),
(774, 259, 26, 4, 1701.66, 10.0),
(775, 260, 9, 8, 743.43, 10.0),
(776, 260, 33, 2, 696.34, 5.0),
(777, 260, 24, 9, 1151.77, 0.0),
(778, 261, 40, 11, 817.38, 0.0),
(779, 261, 33, 3, 696.34, 5.0),
(780, 262, 12, 10, 214.08, 10.0),
(781, 262, 43, 3, 902.64, 15.0),
(782, 263, 23, 1, 1720.4, 0.0),
(783, 263, 32, 4, 1293.11, 0.0),
(784, 263, 17, 6, 1097.43, 0.0),
(785, 263, 3, 11, 928.49, 0.0),
(786, 264, 24, 7, 1151.77, 5.0),
(787, 264, 30, 1, 355.34, 0.0),
(788, 264, 42, 6, 1158.31, 0.0),
(789, 264, 34, 11, 1275.02, 0.0),
(790, 264, 17, 10, 1097.43, 10.0),
(791, 265, 12, 7, 214.08, 15.0),
(792, 265, 25, 6, 891.13, 10.0),
(793, 265, 42, 2, 1158.31, 10.0),
(794, 265, 17, 7, 1097.43, 0.0),
(795, 265, 34, 7, 1275.02, 0.0),
(796, 266, 32, 8, 1293.11, 10.0),
(797, 266, 1, 9, 978.65, 0.0),
(798, 266, 29, 3, 338.71, 0.0),
(799, 267, 33, 11, 696.34, 0.0),
(800, 268, 10, 3, 1003.47, 0.0);
INSERT INTO `order_items` (`order_item_id`, `order_id`, `product_id`, `quantity`, `unit_price`, `discount_pct`) VALUES
(801, 268, 24, 10, 1151.77, 15.0),
(802, 269, 43, 4, 902.64, 5.0),
(803, 270, 8, 8, 460.39, 15.0),
(804, 270, 31, 8, 113.71, 0.0),
(805, 270, 38, 3, 1052.63, 15.0),
(806, 271, 2, 4, 835.63, 0.0),
(807, 271, 9, 10, 743.43, 10.0),
(808, 271, 11, 3, 939.02, 15.0),
(809, 271, 33, 1, 696.34, 10.0),
(810, 272, 4, 3, 583.44, 0.0),
(811, 272, 12, 9, 214.08, 5.0),
(812, 273, 37, 11, 454.76, 0.0),
(813, 273, 43, 5, 902.64, 0.0),
(814, 273, 14, 8, 181.71, 10.0),
(815, 273, 31, 8, 113.71, 0.0),
(816, 273, 15, 7, 1180.53, 10.0),
(817, 274, 38, 3, 1052.63, 10.0),
(818, 274, 43, 9, 902.64, 0.0),
(819, 275, 44, 6, 1263.12, 5.0),
(820, 275, 39, 10, 1645.75, 0.0),
(821, 276, 25, 7, 891.13, 0.0),
(822, 276, 7, 1, 817.74, 0.0),
(823, 277, 33, 11, 696.34, 5.0),
(824, 277, 10, 10, 1003.47, 0.0),
(825, 277, 12, 8, 214.08, 10.0),
(826, 277, 39, 1, 1645.75, 10.0),
(827, 277, 33, 2, 696.34, 0.0),
(828, 278, 43, 3, 902.64, 10.0),
(829, 278, 35, 1, 21.94, 15.0),
(830, 278, 42, 7, 1158.31, 10.0),
(831, 278, 27, 6, 865.82, 0.0),
(832, 279, 28, 4, 1278.2, 5.0),
(833, 279, 25, 6, 891.13, 10.0),
(834, 279, 45, 10, 236.64, 0.0),
(835, 279, 28, 3, 1278.2, 0.0),
(836, 279, 31, 4, 113.71, 0.0),
(837, 280, 39, 9, 1645.75, 5.0),
(838, 280, 17, 4, 1097.43, 0.0),
(839, 280, 1, 10, 978.65, 10.0),
(840, 281, 34, 1, 1275.02, 5.0),
(841, 282, 45, 6, 236.64, 5.0),
(842, 282, 24, 2, 1151.77, 0.0),
(843, 283, 42, 10, 1158.31, 0.0),
(844, 283, 17, 9, 1097.43, 5.0),
(845, 283, 37, 6, 454.76, 10.0),
(846, 283, 18, 11, 452.27, 5.0),
(847, 284, 27, 9, 865.82, 10.0),
(848, 284, 31, 3, 113.71, 0.0),
(849, 285, 36, 8, 1267.27, 0.0),
(850, 285, 20, 10, 1054.7, 0.0),
(851, 285, 26, 12, 1701.66, 0.0),
(852, 285, 43, 2, 902.64, 15.0),
(853, 285, 15, 8, 1180.53, 15.0),
(854, 286, 7, 4, 817.74, 10.0),
(855, 286, 26, 6, 1701.66, 10.0),
(856, 287, 45, 11, 236.64, 15.0),
(857, 287, 4, 3, 583.44, 5.0),
(858, 287, 41, 1, 390.45, 0.0),
(859, 287, 10, 8, 1003.47, 10.0),
(860, 287, 28, 2, 1278.2, 0.0),
(861, 288, 15, 6, 1180.53, 0.0),
(862, 288, 39, 1, 1645.75, 15.0),
(863, 288, 25, 7, 891.13, 10.0),
(864, 289, 19, 12, 1801.12, 10.0),
(865, 289, 4, 3, 583.44, 15.0),
(866, 289, 32, 8, 1293.11, 0.0),
(867, 289, 13, 11, 917.26, 10.0),
(868, 289, 19, 4, 1801.12, 0.0),
(869, 290, 33, 9, 696.34, 15.0),
(870, 290, 15, 10, 1180.53, 0.0),
(871, 290, 44, 1, 1263.12, 0.0),
(872, 290, 16, 11, 745.63, 0.0),
(873, 290, 11, 2, 939.02, 0.0),
(874, 291, 23, 11, 1720.4, 5.0),
(875, 291, 26, 10, 1701.66, 0.0),
(876, 291, 34, 1, 1275.02, 15.0),
(877, 291, 5, 2, 360.87, 10.0),
(878, 292, 36, 10, 1267.27, 0.0),
(879, 292, 23, 5, 1720.4, 0.0),
(880, 292, 39, 4, 1645.75, 5.0),
(881, 293, 37, 1, 454.76, 0.0),
(882, 293, 12, 7, 214.08, 10.0),
(883, 293, 7, 9, 817.74, 0.0),
(884, 293, 33, 5, 696.34, 0.0),
(885, 294, 33, 5, 696.34, 10.0),
(886, 295, 17, 12, 1097.43, 5.0),
(887, 295, 25, 10, 891.13, 5.0),
(888, 295, 16, 6, 745.63, 5.0),
(889, 295, 44, 8, 1263.12, 10.0),
(890, 295, 2, 8, 835.63, 0.0),
(891, 296, 5, 7, 360.87, 15.0),
(892, 296, 15, 11, 1180.53, 15.0),
(893, 296, 15, 6, 1180.53, 5.0),
(894, 297, 34, 9, 1275.02, 0.0),
(895, 297, 45, 5, 236.64, 0.0),
(896, 297, 19, 2, 1801.12, 5.0),
(897, 298, 5, 9, 360.87, 0.0),
(898, 298, 31, 6, 113.71, 0.0),
(899, 298, 14, 10, 181.71, 0.0),
(900, 299, 44, 4, 1263.12, 5.0),
(901, 299, 13, 4, 917.26, 15.0),
(902, 300, 17, 4, 1097.43, 0.0),
(903, 300, 13, 4, 917.26, 10.0),
(904, 301, 10, 2, 1003.47, 0.0),
(905, 301, 6, 11, 1400.78, 15.0),
(906, 301, 32, 10, 1293.11, 0.0),
(907, 302, 3, 8, 928.49, 0.0),
(908, 302, 40, 6, 817.38, 5.0),
(909, 302, 37, 5, 454.76, 5.0),
(910, 302, 12, 9, 214.08, 0.0),
(911, 302, 26, 4, 1701.66, 10.0),
(912, 303, 4, 9, 583.44, 5.0),
(913, 303, 31, 9, 113.71, 0.0),
(914, 304, 23, 7, 1720.4, 15.0),
(915, 304, 12, 8, 214.08, 0.0),
(916, 304, 45, 9, 236.64, 5.0),
(917, 304, 21, 12, 798.73, 0.0),
(918, 304, 1, 11, 978.65, 0.0),
(919, 305, 38, 2, 1052.63, 0.0),
(920, 305, 24, 10, 1151.77, 0.0),
(921, 305, 12, 9, 214.08, 0.0),
(922, 305, 16, 5, 745.63, 5.0),
(923, 306, 22, 6, 901.57, 0.0),
(924, 306, 32, 7, 1293.11, 0.0),
(925, 306, 27, 12, 865.82, 0.0),
(926, 306, 24, 7, 1151.77, 0.0),
(927, 306, 29, 3, 338.71, 10.0),
(928, 307, 37, 11, 454.76, 0.0),
(929, 307, 7, 12, 817.74, 0.0),
(930, 308, 36, 7, 1267.27, 5.0),
(931, 308, 13, 3, 917.26, 15.0),
(932, 309, 31, 1, 113.71, 0.0),
(933, 309, 27, 8, 865.82, 0.0),
(934, 310, 35, 12, 21.94, 0.0),
(935, 310, 32, 5, 1293.11, 0.0),
(936, 310, 36, 10, 1267.27, 0.0),
(937, 310, 26, 2, 1701.66, 15.0),
(938, 310, 11, 1, 939.02, 0.0),
(939, 311, 31, 11, 113.71, 0.0),
(940, 311, 29, 12, 338.71, 0.0),
(941, 311, 17, 6, 1097.43, 0.0),
(942, 312, 36, 5, 1267.27, 0.0),
(943, 312, 2, 7, 835.63, 0.0),
(944, 312, 23, 11, 1720.4, 10.0),
(945, 312, 13, 10, 917.26, 10.0),
(946, 312, 42, 11, 1158.31, 10.0),
(947, 313, 19, 6, 1801.12, 0.0),
(948, 313, 44, 9, 1263.12, 5.0),
(949, 314, 6, 7, 1400.78, 10.0),
(950, 314, 19, 8, 1801.12, 15.0),
(951, 314, 10, 3, 1003.47, 15.0),
(952, 314, 22, 7, 901.57, 15.0),
(953, 315, 37, 7, 454.76, 0.0),
(954, 315, 6, 3, 1400.78, 0.0),
(955, 315, 15, 6, 1180.53, 0.0),
(956, 315, 42, 5, 1158.31, 15.0),
(957, 315, 18, 10, 452.27, 15.0),
(958, 316, 18, 8, 452.27, 0.0),
(959, 316, 38, 9, 1052.63, 5.0),
(960, 316, 27, 3, 865.82, 0.0),
(961, 316, 2, 3, 835.63, 15.0),
(962, 317, 43, 5, 902.64, 15.0),
(963, 317, 45, 12, 236.64, 0.0),
(964, 318, 11, 7, 939.02, 0.0),
(965, 318, 7, 2, 817.74, 5.0),
(966, 319, 4, 1, 583.44, 5.0),
(967, 319, 34, 2, 1275.02, 0.0),
(968, 319, 17, 10, 1097.43, 0.0),
(969, 319, 6, 11, 1400.78, 5.0),
(970, 319, 20, 4, 1054.7, 0.0),
(971, 320, 29, 11, 338.71, 0.0),
(972, 320, 9, 9, 743.43, 0.0),
(973, 320, 2, 1, 835.63, 15.0),
(974, 321, 21, 8, 798.73, 5.0),
(975, 321, 35, 5, 21.94, 10.0),
(976, 321, 29, 3, 338.71, 15.0),
(977, 322, 12, 10, 214.08, 10.0),
(978, 322, 30, 11, 355.34, 15.0),
(979, 322, 41, 10, 390.45, 5.0),
(980, 322, 34, 11, 1275.02, 15.0),
(981, 322, 35, 5, 21.94, 0.0),
(982, 323, 35, 4, 21.94, 0.0),
(983, 323, 29, 5, 338.71, 0.0),
(984, 323, 27, 5, 865.82, 0.0),
(985, 323, 20, 1, 1054.7, 0.0),
(986, 324, 9, 6, 743.43, 0.0),
(987, 324, 31, 9, 113.71, 0.0),
(988, 324, 45, 8, 236.64, 5.0),
(989, 324, 20, 1, 1054.7, 5.0),
(990, 324, 19, 10, 1801.12, 0.0),
(991, 325, 36, 6, 1267.27, 0.0),
(992, 326, 36, 7, 1267.27, 5.0),
(993, 326, 16, 3, 745.63, 15.0),
(994, 326, 42, 7, 1158.31, 5.0),
(995, 326, 15, 5, 1180.53, 0.0),
(996, 327, 41, 4, 390.45, 10.0),
(997, 327, 40, 12, 817.38, 15.0),
(998, 327, 18, 5, 452.27, 15.0),
(999, 327, 35, 5, 21.94, 5.0),
(1000, 328, 5, 3, 360.87, 0.0);
INSERT INTO `order_items` (`order_item_id`, `order_id`, `product_id`, `quantity`, `unit_price`, `discount_pct`) VALUES
(1001, 328, 19, 2, 1801.12, 15.0),
(1002, 329, 40, 8, 817.38, 0.0),
(1003, 329, 45, 10, 236.64, 5.0),
(1004, 329, 13, 6, 917.26, 0.0),
(1005, 329, 10, 1, 1003.47, 10.0),
(1006, 330, 12, 2, 214.08, 0.0),
(1007, 331, 9, 12, 743.43, 5.0),
(1008, 331, 1, 4, 978.65, 0.0),
(1009, 331, 10, 1, 1003.47, 5.0),
(1010, 332, 22, 7, 901.57, 0.0),
(1011, 332, 32, 6, 1293.11, 5.0),
(1012, 333, 22, 2, 901.57, 0.0),
(1013, 334, 18, 7, 452.27, 0.0),
(1014, 335, 31, 3, 113.71, 0.0),
(1015, 335, 17, 7, 1097.43, 0.0),
(1016, 335, 8, 12, 460.39, 0.0),
(1017, 335, 25, 8, 891.13, 0.0),
(1018, 335, 3, 4, 928.49, 5.0),
(1019, 336, 34, 11, 1275.02, 0.0),
(1020, 337, 25, 11, 891.13, 0.0),
(1021, 337, 21, 3, 798.73, 15.0),
(1022, 337, 3, 12, 928.49, 10.0),
(1023, 337, 34, 2, 1275.02, 0.0),
(1024, 338, 41, 5, 390.45, 0.0),
(1025, 338, 24, 1, 1151.77, 15.0),
(1026, 338, 14, 2, 181.71, 0.0),
(1027, 338, 41, 7, 390.45, 0.0),
(1028, 339, 11, 5, 939.02, 10.0),
(1029, 340, 26, 4, 1701.66, 0.0),
(1030, 341, 38, 12, 1052.63, 5.0),
(1031, 342, 10, 6, 1003.47, 0.0),
(1032, 342, 16, 3, 745.63, 5.0),
(1033, 342, 6, 11, 1400.78, 10.0),
(1034, 342, 22, 11, 901.57, 0.0),
(1035, 342, 4, 6, 583.44, 15.0),
(1036, 343, 45, 9, 236.64, 0.0),
(1037, 343, 9, 8, 743.43, 0.0),
(1038, 344, 36, 11, 1267.27, 0.0),
(1039, 344, 29, 12, 338.71, 0.0),
(1040, 344, 2, 12, 835.63, 5.0),
(1041, 345, 9, 5, 743.43, 0.0),
(1042, 345, 32, 12, 1293.11, 5.0),
(1043, 345, 36, 5, 1267.27, 10.0),
(1044, 346, 13, 10, 917.26, 0.0),
(1045, 346, 35, 6, 21.94, 0.0),
(1046, 346, 30, 5, 355.34, 10.0),
(1047, 346, 36, 3, 1267.27, 0.0),
(1048, 347, 10, 8, 1003.47, 0.0),
(1049, 347, 17, 9, 1097.43, 0.0),
(1050, 347, 30, 1, 355.34, 15.0),
(1051, 347, 33, 7, 696.34, 15.0),
(1052, 347, 12, 1, 214.08, 10.0),
(1053, 348, 40, 4, 817.38, 0.0),
(1054, 348, 5, 11, 360.87, 10.0),
(1055, 348, 25, 4, 891.13, 10.0),
(1056, 349, 36, 3, 1267.27, 10.0),
(1057, 349, 19, 6, 1801.12, 5.0),
(1058, 349, 42, 6, 1158.31, 0.0),
(1059, 349, 7, 9, 817.74, 15.0),
(1060, 350, 3, 3, 928.49, 0.0),
(1061, 351, 13, 2, 917.26, 5.0),
(1062, 352, 7, 1, 817.74, 10.0),
(1063, 352, 42, 7, 1158.31, 15.0),
(1064, 353, 34, 10, 1275.02, 15.0),
(1065, 353, 38, 5, 1052.63, 0.0),
(1066, 353, 24, 4, 1151.77, 10.0),
(1067, 353, 5, 1, 360.87, 0.0),
(1068, 354, 6, 8, 1400.78, 15.0),
(1069, 354, 4, 6, 583.44, 10.0),
(1070, 354, 27, 6, 865.82, 15.0),
(1071, 354, 4, 10, 583.44, 0.0),
(1072, 355, 3, 12, 928.49, 0.0),
(1073, 355, 20, 2, 1054.7, 0.0),
(1074, 355, 34, 2, 1275.02, 0.0),
(1075, 355, 15, 9, 1180.53, 5.0),
(1076, 355, 13, 4, 917.26, 10.0),
(1077, 356, 37, 11, 454.76, 0.0),
(1078, 356, 36, 12, 1267.27, 10.0),
(1079, 357, 7, 11, 817.74, 10.0),
(1080, 357, 23, 11, 1720.4, 5.0),
(1081, 357, 45, 11, 236.64, 5.0),
(1082, 357, 7, 3, 817.74, 0.0),
(1083, 358, 26, 9, 1701.66, 0.0),
(1084, 358, 43, 3, 902.64, 10.0),
(1085, 358, 39, 8, 1645.75, 0.0),
(1086, 358, 21, 9, 798.73, 0.0),
(1087, 358, 24, 7, 1151.77, 15.0),
(1088, 359, 21, 10, 798.73, 0.0),
(1089, 359, 37, 9, 454.76, 0.0),
(1090, 359, 25, 9, 891.13, 15.0),
(1091, 359, 17, 6, 1097.43, 5.0),
(1092, 360, 26, 1, 1701.66, 15.0),
(1093, 360, 3, 5, 928.49, 10.0),
(1094, 360, 2, 9, 835.63, 0.0),
(1095, 360, 20, 1, 1054.7, 0.0),
(1096, 361, 14, 6, 181.71, 0.0),
(1097, 361, 45, 5, 236.64, 10.0),
(1098, 362, 36, 10, 1267.27, 10.0),
(1099, 362, 10, 2, 1003.47, 0.0),
(1100, 362, 30, 6, 355.34, 0.0),
(1101, 362, 9, 5, 743.43, 0.0),
(1102, 362, 38, 4, 1052.63, 0.0),
(1103, 363, 20, 2, 1054.7, 10.0),
(1104, 363, 26, 10, 1701.66, 0.0),
(1105, 363, 5, 12, 360.87, 0.0),
(1106, 364, 12, 8, 214.08, 15.0),
(1107, 364, 45, 10, 236.64, 0.0),
(1108, 364, 39, 11, 1645.75, 0.0),
(1109, 364, 3, 12, 928.49, 10.0),
(1110, 365, 6, 1, 1400.78, 0.0),
(1111, 365, 23, 7, 1720.4, 5.0),
(1112, 365, 8, 4, 460.39, 15.0),
(1113, 365, 42, 10, 1158.31, 0.0),
(1114, 366, 4, 5, 583.44, 10.0),
(1115, 366, 3, 6, 928.49, 10.0),
(1116, 366, 37, 3, 454.76, 0.0),
(1117, 366, 33, 12, 696.34, 0.0),
(1118, 367, 4, 11, 583.44, 15.0),
(1119, 367, 26, 8, 1701.66, 10.0),
(1120, 368, 33, 2, 696.34, 0.0),
(1121, 368, 28, 5, 1278.2, 5.0),
(1122, 368, 10, 3, 1003.47, 0.0),
(1123, 368, 6, 8, 1400.78, 10.0),
(1124, 368, 4, 9, 583.44, 5.0),
(1125, 369, 6, 7, 1400.78, 10.0),
(1126, 369, 28, 12, 1278.2, 0.0),
(1127, 369, 9, 8, 743.43, 10.0),
(1128, 370, 32, 7, 1293.11, 15.0),
(1129, 370, 37, 4, 454.76, 10.0),
(1130, 371, 34, 4, 1275.02, 0.0),
(1131, 371, 5, 5, 360.87, 5.0),
(1132, 371, 21, 11, 798.73, 10.0),
(1133, 371, 6, 2, 1400.78, 15.0),
(1134, 371, 27, 7, 865.82, 0.0),
(1135, 372, 13, 6, 917.26, 0.0),
(1136, 372, 39, 11, 1645.75, 0.0),
(1137, 372, 20, 3, 1054.7, 0.0),
(1138, 373, 29, 10, 338.71, 0.0),
(1139, 373, 29, 1, 338.71, 0.0),
(1140, 373, 13, 11, 917.26, 0.0),
(1141, 373, 10, 12, 1003.47, 0.0),
(1142, 373, 8, 12, 460.39, 0.0),
(1143, 374, 40, 3, 817.38, 0.0),
(1144, 374, 1, 6, 978.65, 15.0),
(1145, 375, 20, 8, 1054.7, 5.0),
(1146, 376, 22, 4, 901.57, 15.0),
(1147, 377, 14, 4, 181.71, 10.0),
(1148, 377, 34, 5, 1275.02, 10.0),
(1149, 377, 31, 10, 113.71, 15.0),
(1150, 377, 10, 12, 1003.47, 15.0),
(1151, 377, 43, 1, 902.64, 5.0),
(1152, 378, 43, 9, 902.64, 0.0),
(1153, 378, 17, 3, 1097.43, 0.0),
(1154, 378, 19, 4, 1801.12, 15.0),
(1155, 378, 40, 5, 817.38, 0.0),
(1156, 378, 30, 11, 355.34, 0.0),
(1157, 379, 25, 11, 891.13, 0.0),
(1158, 380, 7, 1, 817.74, 0.0),
(1159, 380, 42, 7, 1158.31, 0.0),
(1160, 380, 25, 9, 891.13, 15.0),
(1161, 381, 21, 8, 798.73, 10.0),
(1162, 382, 6, 3, 1400.78, 0.0),
(1163, 382, 33, 8, 696.34, 10.0),
(1164, 382, 2, 1, 835.63, 0.0),
(1165, 382, 34, 5, 1275.02, 0.0),
(1166, 382, 32, 7, 1293.11, 15.0),
(1167, 383, 2, 6, 835.63, 15.0),
(1168, 383, 23, 6, 1720.4, 15.0),
(1169, 384, 16, 9, 745.63, 0.0),
(1170, 384, 4, 11, 583.44, 0.0),
(1171, 384, 25, 1, 891.13, 10.0),
(1172, 385, 15, 3, 1180.53, 0.0),
(1173, 385, 26, 11, 1701.66, 0.0),
(1174, 385, 6, 12, 1400.78, 5.0),
(1175, 386, 44, 10, 1263.12, 15.0),
(1176, 386, 44, 4, 1263.12, 5.0),
(1177, 386, 16, 10, 745.63, 0.0),
(1178, 386, 28, 5, 1278.2, 10.0),
(1179, 386, 22, 8, 901.57, 10.0),
(1180, 387, 14, 11, 181.71, 0.0),
(1181, 387, 38, 9, 1052.63, 15.0),
(1182, 388, 9, 5, 743.43, 15.0),
(1183, 388, 34, 3, 1275.02, 5.0),
(1184, 389, 42, 10, 1158.31, 0.0),
(1185, 389, 21, 2, 798.73, 10.0),
(1186, 390, 8, 3, 460.39, 0.0),
(1187, 390, 10, 12, 1003.47, 0.0),
(1188, 390, 21, 7, 798.73, 5.0),
(1189, 390, 20, 8, 1054.7, 15.0),
(1190, 390, 41, 12, 390.45, 0.0),
(1191, 391, 13, 2, 917.26, 0.0),
(1192, 391, 12, 1, 214.08, 10.0),
(1193, 392, 18, 10, 452.27, 10.0),
(1194, 392, 40, 4, 817.38, 10.0),
(1195, 392, 15, 4, 1180.53, 15.0),
(1196, 392, 2, 6, 835.63, 0.0),
(1197, 392, 45, 8, 236.64, 0.0),
(1198, 393, 39, 8, 1645.75, 15.0),
(1199, 393, 42, 6, 1158.31, 0.0),
(1200, 393, 25, 8, 891.13, 5.0);
INSERT INTO `order_items` (`order_item_id`, `order_id`, `product_id`, `quantity`, `unit_price`, `discount_pct`) VALUES
(1201, 393, 9, 3, 743.43, 0.0),
(1202, 393, 15, 1, 1180.53, 5.0),
(1203, 394, 18, 7, 452.27, 0.0),
(1204, 395, 14, 2, 181.71, 0.0),
(1205, 395, 29, 10, 338.71, 5.0),
(1206, 396, 30, 4, 355.34, 5.0),
(1207, 396, 26, 1, 1701.66, 10.0),
(1208, 396, 25, 12, 891.13, 0.0),
(1209, 397, 40, 12, 817.38, 10.0),
(1210, 397, 39, 9, 1645.75, 10.0),
(1211, 397, 42, 12, 1158.31, 0.0),
(1212, 397, 34, 2, 1275.02, 5.0),
(1213, 398, 3, 4, 928.49, 10.0),
(1214, 398, 35, 7, 21.94, 15.0),
(1215, 398, 3, 9, 928.49, 5.0),
(1216, 398, 34, 11, 1275.02, 0.0),
(1217, 399, 19, 8, 1801.12, 5.0),
(1218, 399, 20, 5, 1054.7, 5.0),
(1219, 400, 28, 5, 1278.2, 10.0),
(1220, 400, 4, 12, 583.44, 10.0),
(1221, 401, 30, 11, 355.34, 5.0),
(1222, 401, 6, 12, 1400.78, 10.0),
(1223, 402, 12, 10, 214.08, 15.0),
(1224, 403, 9, 7, 743.43, 5.0),
(1225, 403, 21, 8, 798.73, 0.0),
(1226, 403, 12, 8, 214.08, 10.0),
(1227, 403, 13, 8, 917.26, 0.0),
(1228, 403, 17, 6, 1097.43, 15.0),
(1229, 404, 8, 2, 460.39, 0.0),
(1230, 404, 29, 11, 338.71, 0.0),
(1231, 405, 34, 12, 1275.02, 5.0),
(1232, 406, 40, 3, 817.38, 5.0),
(1233, 406, 36, 7, 1267.27, 0.0),
(1234, 406, 11, 6, 939.02, 10.0),
(1235, 406, 43, 3, 902.64, 0.0),
(1236, 406, 10, 3, 1003.47, 15.0),
(1237, 407, 27, 5, 865.82, 0.0),
(1238, 408, 19, 11, 1801.12, 0.0),
(1239, 408, 8, 3, 460.39, 0.0),
(1240, 408, 1, 10, 978.65, 0.0),
(1241, 408, 1, 8, 978.65, 5.0),
(1242, 409, 35, 1, 21.94, 10.0),
(1243, 409, 32, 4, 1293.11, 0.0),
(1244, 409, 38, 11, 1052.63, 5.0),
(1245, 409, 30, 7, 355.34, 5.0),
(1246, 410, 39, 10, 1645.75, 0.0),
(1247, 411, 36, 5, 1267.27, 10.0),
(1248, 411, 41, 9, 390.45, 0.0),
(1249, 412, 12, 3, 214.08, 0.0),
(1250, 413, 3, 3, 928.49, 0.0),
(1251, 413, 43, 10, 902.64, 10.0),
(1252, 413, 20, 6, 1054.7, 0.0),
(1253, 414, 7, 7, 817.74, 0.0),
(1254, 415, 44, 5, 1263.12, 10.0),
(1255, 415, 43, 12, 902.64, 15.0),
(1256, 416, 37, 9, 454.76, 0.0),
(1257, 416, 30, 12, 355.34, 10.0),
(1258, 416, 24, 1, 1151.77, 0.0),
(1259, 416, 20, 6, 1054.7, 0.0),
(1260, 416, 25, 2, 891.13, 5.0),
(1261, 417, 5, 5, 360.87, 5.0),
(1262, 417, 9, 2, 743.43, 15.0),
(1263, 417, 18, 6, 452.27, 10.0),
(1264, 417, 27, 9, 865.82, 0.0),
(1265, 417, 45, 4, 236.64, 10.0),
(1266, 418, 7, 10, 817.74, 15.0),
(1267, 419, 6, 8, 1400.78, 15.0),
(1268, 419, 45, 10, 236.64, 15.0),
(1269, 419, 19, 7, 1801.12, 10.0),
(1270, 419, 21, 5, 798.73, 10.0),
(1271, 419, 37, 10, 454.76, 0.0),
(1272, 420, 40, 10, 817.38, 5.0),
(1273, 420, 34, 12, 1275.02, 15.0),
(1274, 421, 32, 3, 1293.11, 10.0),
(1275, 421, 15, 12, 1180.53, 0.0),
(1276, 421, 13, 1, 917.26, 0.0),
(1277, 421, 2, 8, 835.63, 15.0),
(1278, 422, 14, 10, 181.71, 5.0),
(1279, 423, 3, 6, 928.49, 0.0),
(1280, 423, 36, 11, 1267.27, 0.0),
(1281, 423, 1, 11, 978.65, 0.0),
(1282, 423, 45, 5, 236.64, 0.0),
(1283, 424, 20, 5, 1054.7, 10.0),
(1284, 425, 21, 1, 798.73, 0.0),
(1285, 425, 44, 6, 1263.12, 0.0),
(1286, 425, 26, 12, 1701.66, 10.0),
(1287, 425, 40, 1, 817.38, 0.0),
(1288, 425, 13, 6, 917.26, 0.0),
(1289, 426, 31, 1, 113.71, 15.0),
(1290, 426, 9, 8, 743.43, 0.0),
(1291, 426, 41, 8, 390.45, 10.0),
(1292, 426, 22, 8, 901.57, 5.0),
(1293, 427, 34, 5, 1275.02, 10.0),
(1294, 428, 36, 9, 1267.27, 0.0),
(1295, 428, 14, 10, 181.71, 15.0),
(1296, 428, 22, 6, 901.57, 0.0),
(1297, 429, 18, 1, 452.27, 0.0),
(1298, 429, 25, 11, 891.13, 10.0),
(1299, 430, 37, 10, 454.76, 5.0),
(1300, 430, 12, 10, 214.08, 0.0),
(1301, 431, 21, 12, 798.73, 0.0),
(1302, 431, 18, 7, 452.27, 0.0),
(1303, 431, 32, 4, 1293.11, 0.0),
(1304, 432, 20, 4, 1054.7, 10.0),
(1305, 432, 20, 3, 1054.7, 0.0),
(1306, 432, 24, 1, 1151.77, 0.0),
(1307, 432, 6, 8, 1400.78, 10.0),
(1308, 433, 31, 9, 113.71, 0.0),
(1309, 434, 22, 8, 901.57, 15.0),
(1310, 434, 34, 5, 1275.02, 0.0),
(1311, 435, 7, 9, 817.74, 15.0),
(1312, 435, 9, 4, 743.43, 15.0),
(1313, 436, 30, 7, 355.34, 15.0),
(1314, 437, 8, 1, 460.39, 0.0),
(1315, 437, 3, 11, 928.49, 10.0),
(1316, 437, 6, 6, 1400.78, 5.0),
(1317, 437, 3, 2, 928.49, 10.0),
(1318, 437, 43, 12, 902.64, 0.0),
(1319, 438, 37, 5, 454.76, 15.0),
(1320, 439, 21, 4, 798.73, 0.0),
(1321, 439, 19, 5, 1801.12, 10.0),
(1322, 440, 29, 11, 338.71, 0.0),
(1323, 440, 18, 3, 452.27, 0.0),
(1324, 440, 18, 2, 452.27, 0.0),
(1325, 441, 36, 9, 1267.27, 0.0),
(1326, 441, 14, 9, 181.71, 0.0),
(1327, 441, 36, 6, 1267.27, 0.0),
(1328, 441, 10, 12, 1003.47, 0.0),
(1329, 441, 37, 4, 454.76, 0.0),
(1330, 442, 20, 10, 1054.7, 0.0),
(1331, 443, 29, 1, 338.71, 0.0),
(1332, 443, 2, 8, 835.63, 15.0),
(1333, 443, 4, 2, 583.44, 5.0),
(1334, 443, 4, 2, 583.44, 5.0),
(1335, 443, 26, 3, 1701.66, 15.0),
(1336, 444, 38, 11, 1052.63, 15.0),
(1337, 444, 45, 8, 236.64, 10.0),
(1338, 444, 23, 5, 1720.4, 0.0),
(1339, 444, 13, 12, 917.26, 15.0),
(1340, 444, 35, 2, 21.94, 5.0),
(1341, 445, 9, 2, 743.43, 15.0),
(1342, 445, 30, 2, 355.34, 5.0),
(1343, 445, 20, 11, 1054.7, 15.0),
(1344, 445, 30, 8, 355.34, 0.0),
(1345, 445, 15, 3, 1180.53, 10.0),
(1346, 446, 24, 7, 1151.77, 0.0),
(1347, 446, 45, 11, 236.64, 0.0),
(1348, 446, 21, 8, 798.73, 5.0),
(1349, 447, 5, 8, 360.87, 0.0),
(1350, 448, 31, 8, 113.71, 0.0),
(1351, 448, 19, 6, 1801.12, 10.0),
(1352, 448, 37, 3, 454.76, 10.0),
(1353, 449, 26, 12, 1701.66, 0.0),
(1354, 450, 36, 11, 1267.27, 0.0),
(1355, 450, 20, 9, 1054.7, 5.0),
(1356, 450, 26, 10, 1701.66, 5.0);

-- invoices: 411 rows
INSERT INTO `invoices` (`invoice_id`, `order_id`, `invoice_date`, `due_date`, `total_amount`, `status`) VALUES
(1, 1, '2025-03-05', '2025-04-04', 18164.01, 'Paid'),
(2, 2, '2026-06-08', '2026-07-08', 6842.38, 'Unpaid'),
(3, 3, '2026-01-08', '2026-02-07', 27213.03, 'Overdue'),
(4, 4, '2024-08-14', '2024-09-13', 3825.06, 'Paid'),
(5, 6, '2024-10-24', '2024-11-23', 7659.27, 'Paid'),
(6, 8, '2024-09-20', '2024-10-20', 331.88, 'Paid'),
(7, 9, '2025-06-23', '2025-07-23', 16900.8, 'Paid'),
(8, 10, '2025-02-17', '2025-03-19', 1275.02, 'Paid'),
(9, 12, '2025-10-13', '2025-11-12', 5980.23, 'Paid'),
(10, 13, '2025-03-14', '2025-04-13', 12793.52, 'Overdue'),
(11, 14, '2026-04-15', '2026-05-15', 34205.88, 'Paid'),
(12, 15, '2025-12-17', '2026-01-16', 29237.41, 'Paid'),
(13, 16, '2024-07-17', '2024-08-16', 24953.33, 'Paid'),
(14, 17, '2025-04-05', '2025-05-05', 25040.99, 'Overdue'),
(15, 19, '2024-12-30', '2025-01-29', 5909.11, 'Paid'),
(16, 20, '2024-08-01', '2024-08-31', 44485.13, 'Paid'),
(17, 21, '2025-11-28', '2025-12-28', 12001.78, 'Overdue'),
(18, 22, '2025-08-13', '2025-09-12', 13088.22, 'Paid'),
(19, 23, '2025-07-31', '2025-08-30', 6769.92, 'Paid'),
(20, 24, '2025-06-24', '2025-07-24', 30687.98, 'Paid'),
(21, 25, '2025-08-20', '2025-09-19', 36831.26, 'Paid'),
(22, 26, '2025-08-04', '2025-09-03', 32861.63, 'Paid'),
(23, 27, '2025-02-23', '2025-03-25', 13960.51, 'Paid'),
(24, 29, '2026-03-27', '2026-04-26', 22997.63, 'Paid'),
(25, 30, '2025-09-13', '2025-10-13', 30388.07, 'Paid'),
(26, 31, '2026-03-22', '2026-04-21', 14165.57, 'Paid'),
(27, 32, '2024-10-25', '2024-11-24', 49773.16, 'Paid'),
(28, 33, '2025-07-26', '2025-08-25', 19498.97, 'Paid'),
(29, 34, '2025-05-26', '2025-06-25', 10366.64, 'Overdue'),
(30, 35, '2026-02-18', '2026-03-20', 3220.96, 'Overdue'),
(31, 36, '2025-08-01', '2025-08-31', 8513.26, 'Overdue'),
(32, 37, '2025-05-30', '2025-06-29', 8048.26, 'Paid'),
(33, 38, '2026-01-18', '2026-02-17', 19953.03, 'Paid'),
(34, 39, '2025-07-07', '2025-08-06', 32831.44, 'Paid'),
(35, 40, '2025-12-20', '2026-01-19', 34451.82, 'Paid'),
(36, 41, '2026-04-08', '2026-05-08', 3789.36, 'Paid'),
(37, 42, '2025-09-26', '2025-10-26', 3728.15, 'Paid'),
(38, 43, '2025-03-24', '2025-04-23', 18451.9, 'Paid'),
(39, 44, '2025-09-28', '2025-10-28', 24331.99, 'Paid'),
(40, 46, '2024-08-17', '2024-09-16', 3879.33, 'Paid'),
(41, 47, '2026-06-07', '2026-07-07', 27792.3, 'Paid'),
(42, 48, '2026-02-18', '2026-03-20', 454.76, 'Overdue'),
(43, 49, '2024-11-16', '2024-12-16', 7772.54, 'Paid'),
(44, 50, '2025-11-14', '2025-12-14', 23018.21, 'Paid'),
(45, 51, '2026-01-11', '2026-02-10', 18443.45, 'Overdue'),
(46, 52, '2024-10-24', '2024-11-23', 22321.23, 'Paid'),
(47, 53, '2025-01-26', '2025-02-25', 42407.71, 'Paid'),
(48, 54, '2025-04-28', '2025-05-28', 12035.15, 'Paid'),
(49, 55, '2025-02-23', '2025-03-25', 14878.08, 'Paid'),
(50, 56, '2024-09-10', '2024-10-10', 28431.52, 'Paid'),
(51, 57, '2025-10-24', '2025-11-23', 14667.42, 'Paid'),
(52, 58, '2024-08-02', '2024-09-01', 17548.76, 'Paid'),
(53, 59, '2026-05-17', '2026-06-16', 1578.43, 'Paid'),
(54, 60, '2024-11-10', '2024-12-10', 16904.55, 'Overdue'),
(55, 61, '2024-07-23', '2024-08-22', 6527.71, 'Paid'),
(56, 62, '2024-09-19', '2024-10-19', 24158.45, 'Overdue'),
(57, 63, '2024-11-20', '2024-12-20', 14877.94, 'Paid'),
(58, 64, '2024-07-24', '2024-08-23', 11763.95, 'Paid'),
(59, 65, '2025-10-13', '2025-11-12', 23761.53, 'Paid'),
(60, 66, '2025-04-10', '2025-05-10', 20868.47, 'Paid'),
(61, 67, '2025-06-23', '2025-07-23', 8991.18, 'Paid'),
(62, 68, '2025-09-28', '2025-10-28', 34044.51, 'Paid'),
(63, 69, '2025-09-06', '2025-10-06', 1338.17, 'Paid'),
(64, 70, '2024-08-07', '2024-09-06', 28738.57, 'Paid'),
(65, 71, '2024-12-08', '2025-01-07', 67870.9, 'Paid'),
(66, 72, '2025-12-09', '2026-01-08', 14122.05, 'Paid'),
(67, 73, '2024-07-12', '2024-08-11', 29147.87, 'Paid'),
(68, 75, '2025-10-24', '2025-11-23', 19713.51, 'Paid'),
(69, 76, '2026-05-08', '2026-06-07', 29563.14, 'Paid'),
(70, 77, '2026-03-01', '2026-03-31', 2785.36, 'Paid'),
(71, 78, '2025-06-09', '2025-07-09', 13152.96, 'Overdue'),
(72, 81, '2025-12-27', '2026-01-26', 35195.12, 'Paid'),
(73, 82, '2026-04-11', '2026-05-11', 15406.93, 'Paid'),
(74, 83, '2026-02-22', '2026-03-24', 36495.31, 'Paid'),
(75, 84, '2026-01-31', '2026-03-02', 10101.31, 'Paid'),
(76, 85, '2024-08-12', '2024-09-11', 12926.15, 'Paid'),
(77, 86, '2025-09-23', '2025-10-23', 20360.29, 'Paid'),
(78, 87, '2025-07-23', '2025-08-22', 770.69, 'Paid'),
(79, 88, '2025-12-20', '2026-01-19', 3233.15, 'Paid'),
(80, 89, '2026-03-03', '2026-04-02', 21073.44, 'Overdue'),
(81, 90, '2024-08-26', '2024-09-25', 32715.15, 'Paid'),
(82, 91, '2024-12-06', '2025-01-05', 348.53, 'Paid'),
(83, 92, '2025-07-16', '2025-08-15', 5370.71, 'Paid'),
(84, 93, '2024-09-14', '2024-10-14', 9390.08, 'Paid'),
(85, 95, '2025-04-08', '2025-05-08', 1894.73, 'Paid'),
(86, 96, '2024-11-18', '2024-12-18', 13259.45, 'Paid'),
(87, 97, '2025-10-22', '2025-11-21', 33623.21, 'Paid'),
(88, 98, '2025-08-21', '2025-09-20', 11802.3, 'Paid'),
(89, 99, '2026-05-25', '2026-06-24', 9399.33, 'Paid'),
(90, 100, '2025-08-13', '2025-09-12', 10329.22, 'Paid'),
(91, 101, '2025-08-12', '2025-09-11', 15535.34, 'Paid'),
(92, 102, '2025-12-28', '2026-01-27', 12251.95, 'Overdue'),
(93, 103, '2026-01-12', '2026-02-11', 18442.65, 'Paid'),
(94, 104, '2025-08-25', '2025-09-24', 10526.3, 'Overdue'),
(95, 105, '2025-11-07', '2025-12-07', 1671.26, 'Paid'),
(96, 106, '2025-11-27', '2025-12-27', 18071.0, 'Paid'),
(97, 107, '2025-05-09', '2025-06-08', 12969.89, 'Paid'),
(98, 108, '2024-09-17', '2024-10-17', 7356.42, 'Paid'),
(99, 109, '2026-01-30', '2026-03-01', 12904.73, 'Paid'),
(100, 110, '2025-08-08', '2025-09-07', 6653.7, 'Overdue'),
(101, 111, '2025-07-06', '2025-08-05', 7278.86, 'Paid'),
(102, 112, '2025-10-25', '2025-11-24', 29667.62, 'Paid'),
(103, 113, '2025-07-25', '2025-08-24', 13897.76, 'Overdue'),
(104, 114, '2025-09-13', '2025-10-13', 5488.6, 'Paid'),
(105, 115, '2026-05-15', '2026-06-14', 33568.9, 'Paid'),
(106, 116, '2026-04-21', '2026-05-21', 6385.39, 'Paid'),
(107, 118, '2026-06-29', '2026-07-29', 5075.97, 'Paid'),
(108, 119, '2026-03-10', '2026-04-09', 8529.5, 'Paid'),
(109, 120, '2025-04-30', '2025-05-30', 5983.95, 'Paid'),
(110, 122, '2026-02-24', '2026-03-26', 16365.71, 'Paid'),
(111, 123, '2025-02-22', '2025-03-24', 4970.5, 'Paid'),
(112, 124, '2024-12-24', '2025-01-23', 27586.02, 'Paid'),
(113, 125, '2025-08-02', '2025-09-01', 20574.3, 'Paid'),
(114, 126, '2025-03-31', '2025-04-30', 3879.33, 'Overdue'),
(115, 127, '2025-08-06', '2025-09-05', 4473.78, 'Paid'),
(116, 128, '2025-12-28', '2026-01-27', 9103.45, 'Paid'),
(117, 129, '2025-03-22', '2025-04-21', 3121.74, 'Paid'),
(118, 130, '2025-05-26', '2025-06-25', 929.72, 'Overdue'),
(119, 131, '2026-05-31', '2026-06-30', 12639.47, 'Paid'),
(120, 132, '2024-07-02', '2024-08-01', 12154.61, 'Paid'),
(121, 133, '2024-07-26', '2024-08-25', 16032.57, 'Paid'),
(122, 134, '2025-01-24', '2025-02-23', 27954.1, 'Overdue'),
(123, 135, '2024-07-13', '2024-08-12', 2594.04, 'Paid'),
(124, 136, '2024-10-08', '2024-11-07', 18032.63, 'Paid'),
(125, 137, '2026-04-12', '2026-05-12', 1094.18, 'Paid'),
(126, 138, '2024-07-08', '2024-08-07', 16840.47, 'Paid'),
(127, 139, '2026-06-18', '2026-07-18', 18909.65, 'Partially Paid'),
(128, 140, '2024-12-07', '2025-01-06', 21887.89, 'Paid'),
(129, 141, '2025-02-17', '2025-03-19', 20945.12, 'Paid'),
(130, 142, '2026-01-16', '2026-02-15', 15408.58, 'Paid'),
(131, 143, '2026-05-19', '2026-06-18', 32954.24, 'Paid'),
(132, 144, '2026-02-20', '2026-03-22', 20419.92, 'Paid'),
(133, 145, '2026-05-04', '2026-06-03', 24460.21, 'Paid'),
(134, 146, '2025-07-10', '2025-08-09', 8841.84, 'Paid'),
(135, 147, '2025-08-23', '2025-09-22', 8914.4, 'Paid'),
(136, 148, '2025-08-21', '2025-09-20', 41973.99, 'Paid'),
(137, 149, '2024-09-08', '2024-10-08', 5564.77, 'Paid'),
(138, 151, '2024-10-23', '2024-11-22', 21447.3, 'Paid'),
(139, 152, '2025-01-10', '2025-02-09', 37188.02, 'Paid'),
(140, 153, '2026-04-13', '2026-05-13', 21734.18, 'Paid'),
(141, 154, '2024-12-30', '2025-01-29', 14714.69, 'Paid'),
(142, 155, '2025-01-05', '2025-02-04', 17520.47, 'Overdue'),
(143, 157, '2025-08-20', '2025-09-19', 11263.77, 'Overdue'),
(144, 158, '2025-08-21', '2025-09-20', 4250.09, 'Paid'),
(145, 160, '2024-08-26', '2024-09-25', 5757.29, 'Paid'),
(146, 162, '2025-06-18', '2025-07-18', 289.96, 'Paid'),
(147, 163, '2025-06-21', '2025-07-21', 12620.05, 'Paid'),
(148, 164, '2026-04-20', '2026-05-20', 12234.29, 'Paid'),
(149, 165, '2025-11-27', '2025-12-27', 28839.27, 'Paid'),
(150, 166, '2026-02-18', '2026-03-20', 227.42, 'Paid'),
(151, 167, '2024-09-11', '2024-10-11', 18395.22, 'Paid'),
(152, 168, '2025-10-15', '2025-11-14', 14892.29, 'Paid'),
(153, 170, '2026-02-10', '2026-03-12', 38427.24, 'Paid'),
(154, 172, '2026-01-20', '2026-02-19', 20231.99, 'Paid'),
(155, 173, '2026-05-07', '2026-06-06', 16844.37, 'Paid'),
(156, 174, '2025-03-03', '2025-04-02', 3514.05, 'Paid'),
(157, 175, '2026-04-05', '2026-05-05', 15930.45, 'Paid'),
(158, 176, '2025-05-13', '2025-06-12', 25600.43, 'Paid'),
(159, 177, '2026-05-12', '2026-06-11', 7829.2, 'Overdue'),
(160, 178, '2024-09-29', '2024-10-29', 11976.42, 'Paid'),
(161, 179, '2026-01-15', '2026-02-14', 26790.73, 'Paid'),
(162, 180, '2025-12-29', '2026-01-28', 26218.95, 'Paid'),
(163, 181, '2026-03-15', '2026-04-14', 40516.17, 'Paid'),
(164, 182, '2026-05-10', '2026-06-09', 18345.6, 'Paid'),
(165, 183, '2025-10-06', '2025-11-05', 11654.19, 'Paid'),
(166, 184, '2025-10-06', '2025-11-05', 11748.05, 'Paid'),
(167, 185, '2024-08-12', '2024-09-11', 9802.43, 'Paid'),
(168, 186, '2025-07-19', '2025-08-18', 11132.38, 'Overdue'),
(169, 187, '2025-02-18', '2025-03-20', 39139.73, 'Paid'),
(170, 188, '2025-08-17', '2025-09-16', 19672.21, 'Paid'),
(171, 189, '2025-02-24', '2025-03-26', 3602.24, 'Paid'),
(172, 190, '2025-11-23', '2025-12-23', 44065.39, 'Paid'),
(173, 191, '2024-10-23', '2024-11-22', 15653.21, 'Paid'),
(174, 192, '2025-11-04', '2025-12-04', 1183.78, 'Overdue'),
(175, 193, '2026-06-28', '2026-07-28', 12071.73, 'Unpaid'),
(176, 194, '2026-06-08', '2026-07-08', 21564.43, 'Unpaid'),
(177, 195, '2025-12-31', '2026-01-30', 817.74, 'Paid'),
(178, 196, '2025-08-27', '2025-09-26', 15067.99, 'Paid'),
(179, 197, '2024-09-05', '2024-10-05', 18885.78, 'Paid'),
(180, 198, '2025-05-12', '2025-06-11', 2924.31, 'Paid'),
(181, 199, '2026-01-25', '2026-02-24', 24100.33, 'Paid'),
(182, 200, '2024-10-19', '2024-11-18', 7836.24, 'Paid'),
(183, 201, '2025-03-06', '2025-04-05', 12071.73, 'Paid'),
(184, 202, '2025-06-12', '2025-07-12', 9662.87, 'Paid'),
(185, 203, '2025-12-27', '2026-01-26', 22235.21, 'Overdue'),
(186, 204, '2025-08-04', '2025-09-03', 20531.98, 'Paid'),
(187, 205, '2025-01-08', '2025-02-07', 18870.93, 'Paid'),
(188, 206, '2025-04-18', '2025-05-18', 2558.45, 'Paid'),
(189, 207, '2025-05-13', '2025-06-12', 25233.44, 'Paid'),
(190, 208, '2025-11-21', '2025-12-21', 27630.24, 'Overdue'),
(191, 209, '2026-01-08', '2026-02-07', 9444.24, 'Overdue'),
(192, 210, '2025-06-17', '2025-07-17', 21254.56, 'Paid'),
(193, 211, '2024-11-25', '2024-12-25', 19390.87, 'Paid'),
(194, 212, '2025-04-16', '2025-05-16', 24822.3, 'Paid'),
(195, 213, '2025-08-22', '2025-09-21', 735.95, 'Paid'),
(196, 214, '2025-08-15', '2025-09-14', 40854.21, 'Paid'),
(197, 215, '2026-06-27', '2026-07-27', 13996.15, 'Unpaid'),
(198, 216, '2025-07-19', '2025-08-18', 27545.55, 'Paid'),
(199, 217, '2024-12-25', '2025-01-24', 11335.05, 'Paid'),
(200, 218, '2025-01-12', '2025-02-11', 48422.43, 'Paid');
INSERT INTO `invoices` (`invoice_id`, `order_id`, `invoice_date`, `due_date`, `total_amount`, `status`) VALUES
(201, 219, '2025-05-10', '2025-06-09', 7318.3, 'Paid'),
(202, 220, '2025-11-15', '2025-12-15', 14709.42, 'Paid'),
(203, 221, '2025-08-24', '2025-09-23', 27108.9, 'Paid'),
(204, 222, '2024-09-21', '2024-10-21', 902.64, 'Overdue'),
(205, 223, '2025-04-29', '2025-05-29', 8466.33, 'Paid'),
(206, 224, '2025-03-26', '2025-04-25', 32159.52, 'Paid'),
(207, 225, '2024-11-19', '2024-12-19', 15349.9, 'Paid'),
(208, 226, '2025-03-10', '2025-04-09', 11743.8, 'Paid'),
(209, 227, '2025-10-23', '2025-11-22', 10521.63, 'Paid'),
(210, 228, '2026-01-16', '2026-02-15', 18005.15, 'Paid'),
(211, 229, '2024-11-02', '2024-12-02', 4838.3, 'Paid'),
(212, 230, '2025-03-12', '2025-04-11', 846.57, 'Paid'),
(213, 231, '2026-02-22', '2026-03-24', 21304.85, 'Paid'),
(214, 232, '2026-02-06', '2026-03-08', 4184.36, 'Paid'),
(215, 233, '2025-09-30', '2025-10-30', 20105.94, 'Paid'),
(216, 234, '2025-05-18', '2025-06-17', 10416.46, 'Paid'),
(217, 235, '2026-05-06', '2026-06-05', 7408.23, 'Overdue'),
(218, 236, '2024-12-18', '2025-01-17', 20928.57, 'Paid'),
(219, 237, '2025-11-13', '2025-12-13', 5145.05, 'Paid'),
(220, 238, '2024-10-23', '2024-11-22', 11058.58, 'Paid'),
(221, 239, '2025-12-15', '2026-01-14', 11709.49, 'Overdue'),
(222, 240, '2024-09-02', '2024-10-02', 11880.06, 'Paid'),
(223, 241, '2025-12-25', '2026-01-24', 22550.8, 'Paid'),
(224, 242, '2024-12-26', '2025-01-25', 14283.99, 'Paid'),
(225, 243, '2025-09-26', '2025-10-26', 6583.85, 'Overdue'),
(226, 244, '2024-10-18', '2024-11-17', 1750.32, 'Paid'),
(227, 245, '2026-03-02', '2026-04-01', 31917.76, 'Paid'),
(228, 246, '2025-01-29', '2025-02-28', 16858.75, 'Overdue'),
(229, 247, '2025-03-08', '2025-04-07', 6401.43, 'Paid'),
(230, 251, '2025-02-28', '2025-03-30', 3940.88, 'Paid'),
(231, 253, '2024-12-02', '2025-01-01', 27954.19, 'Paid'),
(232, 254, '2025-08-03', '2025-09-02', 5123.31, 'Overdue'),
(233, 255, '2025-12-31', '2026-01-30', 11235.92, 'Paid'),
(234, 256, '2025-08-07', '2025-09-06', 14519.35, 'Paid'),
(235, 257, '2025-09-30', '2025-10-30', 11570.64, 'Paid'),
(236, 258, '2026-06-24', '2026-07-24', 8431.61, 'Unpaid'),
(237, 259, '2025-11-20', '2025-12-20', 35161.5, 'Overdue'),
(238, 260, '2025-11-03', '2025-12-03', 17041.67, 'Paid'),
(239, 261, '2025-04-04', '2025-05-04', 10975.75, 'Paid'),
(240, 262, '2026-04-22', '2026-05-22', 4228.45, 'Paid'),
(241, 263, '2025-07-23', '2025-08-22', 23690.81, 'Overdue'),
(242, 264, '2025-01-06', '2025-02-05', 38866.56, 'Paid'),
(243, 265, '2024-08-16', '2024-09-15', 24777.99, 'Paid'),
(244, 266, '2024-11-26', '2024-12-26', 19134.37, 'Paid'),
(245, 267, '2025-11-21', '2025-12-21', 7659.74, 'Paid'),
(246, 268, '2025-01-16', '2025-02-15', 12800.45, 'Paid'),
(247, 269, '2025-06-05', '2025-07-05', 3430.03, 'Overdue'),
(248, 270, '2026-05-21', '2026-06-20', 6724.54, 'Paid'),
(249, 271, '2024-08-18', '2024-09-17', 13054.6, 'Paid'),
(250, 272, '2025-10-28', '2025-11-27', 3580.7, 'Paid'),
(251, 273, '2025-10-29', '2025-11-28', 19170.89, 'Paid'),
(252, 274, '2026-04-29', '2026-05-29', 10965.86, 'Paid'),
(253, 275, '2025-03-21', '2025-04-20', 23657.28, 'Paid'),
(254, 276, '2024-09-18', '2024-10-18', 7055.65, 'Overdue'),
(255, 277, '2025-02-02', '2025-03-04', 21726.68, 'Paid'),
(256, 278, '2026-04-07', '2026-05-07', 14948.05, 'Paid'),
(257, 280, '2026-06-18', '2026-07-18', 27268.73, 'Unpaid'),
(258, 281, '2025-07-06', '2025-08-05', 1211.27, 'Paid'),
(259, 282, '2025-12-01', '2025-12-31', 3652.39, 'Paid'),
(260, 284, '2025-06-22', '2025-07-22', 7354.27, 'Paid'),
(261, 285, '2025-09-10', '2025-10-10', 50667.17, 'Paid'),
(262, 286, '2024-09-03', '2024-10-03', 12132.83, 'Paid'),
(263, 287, '2024-11-22', '2024-12-22', 14047.22, 'Overdue'),
(264, 288, '2026-06-08', '2026-07-08', 14096.19, 'Partially Paid'),
(265, 289, '2025-08-13', '2025-09-12', 47570.1, 'Paid'),
(266, 290, '2025-12-05', '2026-01-04', 28475.39, 'Paid'),
(267, 291, '2024-07-29', '2024-08-28', 36728.11, 'Paid'),
(268, 292, '2026-05-05', '2026-06-04', 27528.55, 'Overdue'),
(269, 293, '2025-02-08', '2025-03-10', 12644.82, 'Paid'),
(270, 294, '2025-06-26', '2025-07-26', 3133.53, 'Paid'),
(271, 295, '2025-12-26', '2026-01-25', 41006.03, 'Paid'),
(272, 296, '2024-07-15', '2024-08-14', 19914.15, 'Paid'),
(273, 297, '2025-11-11', '2025-12-11', 16080.51, 'Overdue'),
(274, 298, '2025-03-19', '2025-04-18', 5747.19, 'Paid'),
(275, 299, '2025-02-09', '2025-03-11', 7918.54, 'Paid'),
(276, 300, '2026-06-27', '2026-07-27', 7691.86, 'Unpaid'),
(277, 301, '2026-06-17', '2026-07-17', 28035.33, 'Paid'),
(278, 302, '2025-01-21', '2025-02-20', 22299.79, 'Paid'),
(279, 304, '2025-01-06', '2025-02-05', 34322.2, 'Paid'),
(280, 305, '2025-04-09', '2025-05-09', 19091.42, 'Paid'),
(281, 306, '2026-06-29', '2026-07-29', 33827.94, 'Unpaid'),
(282, 307, '2026-06-24', '2026-07-24', 14815.24, 'Partially Paid'),
(283, 308, '2026-05-20', '2026-06-19', 10766.36, 'Paid'),
(284, 309, '2026-05-25', '2026-06-24', 7040.27, 'Paid'),
(285, 310, '2024-12-13', '2025-01-12', 23233.37, 'Paid'),
(286, 311, '2025-03-07', '2025-04-06', 11899.91, 'Paid'),
(287, 312, '2025-04-15', '2025-05-15', 48940.33, 'Paid'),
(288, 313, '2024-10-09', '2024-11-08', 21606.4, 'Paid'),
(289, 314, '2025-12-17', '2026-01-16', 28995.72, 'Paid'),
(290, 315, '2025-07-15', '2025-08-14', 23235.95, 'Paid'),
(291, 317, '2026-04-01', '2026-05-01', 6675.9, 'Paid'),
(292, 318, '2025-11-15', '2025-12-15', 8126.85, 'Paid'),
(293, 319, '2025-05-01', '2025-05-31', 32935.56, 'Paid'),
(294, 322, '2025-02-14', '2025-03-16', 20989.56, 'Paid'),
(295, 323, '2025-09-17', '2025-10-17', 7165.11, 'Paid'),
(296, 324, '2025-05-24', '2025-06-23', 26295.6, 'Paid'),
(297, 325, '2024-10-06', '2024-11-05', 7603.62, 'Paid'),
(298, 326, '2025-10-20', '2025-11-19', 23934.11, 'Paid'),
(299, 327, '2025-08-30', '2025-09-29', 11769.26, 'Paid'),
(300, 328, '2025-11-14', '2025-12-14', 4144.51, 'Paid'),
(301, 329, '2024-11-25', '2024-12-25', 15193.8, 'Paid'),
(302, 331, '2025-11-17', '2025-12-17', 13343.0, 'Paid'),
(303, 332, '2026-04-17', '2026-05-17', 13681.72, 'Paid'),
(304, 333, '2026-04-27', '2026-05-27', 1803.14, 'Paid'),
(305, 334, '2025-05-12', '2025-06-11', 3165.89, 'Paid'),
(306, 335, '2026-04-24', '2026-05-24', 24205.12, 'Paid'),
(307, 336, '2026-01-16', '2026-02-15', 14025.22, 'Overdue'),
(308, 337, '2025-10-25', '2025-11-24', 24416.92, 'Paid'),
(309, 338, '2025-08-18', '2025-09-17', 6027.82, 'Paid'),
(310, 339, '2024-10-24', '2024-11-23', 4225.59, 'Overdue'),
(311, 340, '2024-08-21', '2024-09-20', 6806.64, 'Overdue'),
(312, 341, '2025-07-25', '2025-08-24', 11999.98, 'Paid'),
(313, 342, '2025-12-08', '2026-01-07', 34906.4, 'Paid'),
(314, 344, '2026-03-05', '2026-04-04', 27530.67, 'Paid'),
(315, 346, '2024-07-23', '2024-08-22', 14705.08, 'Paid'),
(316, 347, '2025-02-21', '2025-03-23', 22542.56, 'Paid'),
(317, 348, '2026-06-10', '2026-07-10', 10050.2, 'Unpaid'),
(318, 349, '2026-06-02', '2026-07-02', 26893.58, 'Paid'),
(319, 350, '2025-02-07', '2025-03-09', 2785.47, 'Paid'),
(320, 351, '2025-12-27', '2026-01-26', 1742.79, 'Paid'),
(321, 352, '2026-02-22', '2026-03-24', 7627.91, 'Paid'),
(322, 353, '2025-10-10', '2025-11-09', 20608.06, 'Paid'),
(323, 354, '2025-12-23', '2026-01-22', 22925.96, 'Paid'),
(324, 355, '2024-10-22', '2024-11-21', 29196.99, 'Paid'),
(325, 356, '2024-11-16', '2024-12-16', 18688.88, 'Paid'),
(326, 357, '2024-10-06', '2024-11-05', 30999.91, 'Paid'),
(327, 358, '2024-07-22', '2024-08-21', 44959.67, 'Paid'),
(328, 359, '2026-06-21', '2026-07-21', 25152.64, 'Unpaid'),
(329, 360, '2025-09-23', '2025-10-23', 14199.99, 'Paid'),
(330, 361, '2025-09-17', '2025-10-17', 2155.14, 'Paid'),
(331, 362, '2025-09-21', '2025-10-21', 23472.08, 'Paid'),
(332, 363, '2025-09-09', '2025-10-09', 23245.5, 'Paid'),
(333, 364, '2024-12-18', '2025-01-17', 31953.09, 'Paid'),
(334, 366, '2024-08-28', '2024-09-27', 17359.69, 'Paid'),
(335, 367, '2026-01-21', '2026-02-20', 17707.12, 'Paid'),
(336, 368, '2024-10-06', '2024-11-05', 25548.57, 'Overdue'),
(337, 369, '2026-03-11', '2026-04-10', 29516.01, 'Paid'),
(338, 370, '2025-06-10', '2025-07-10', 9331.14, 'Paid'),
(339, 371, '2025-10-18', '2025-11-17', 23163.71, 'Paid'),
(340, 372, '2024-11-12', '2024-12-12', 26770.91, 'Paid'),
(341, 373, '2025-04-11', '2025-05-11', 31381.99, 'Paid'),
(342, 374, '2025-06-14', '2025-07-14', 7443.25, 'Paid'),
(343, 375, '2024-10-29', '2024-11-28', 8015.72, 'Paid'),
(344, 376, '2024-12-12', '2025-01-11', 3065.34, 'Paid'),
(345, 377, '2025-04-27', '2025-05-27', 18451.18, 'Paid'),
(346, 379, '2026-05-07', '2026-06-06', 9802.43, 'Paid'),
(347, 380, '2026-05-26', '2026-06-25', 15743.05, 'Paid'),
(348, 381, '2024-12-12', '2025-01-11', 5750.86, 'Paid'),
(349, 382, '2025-11-04', '2025-12-04', 24120.72, 'Paid'),
(350, 383, '2024-11-27', '2024-12-27', 13035.75, 'Paid'),
(351, 384, '2024-11-28', '2024-12-28', 13930.53, 'Paid'),
(352, 385, '2024-11-10', '2024-12-10', 38228.74, 'Paid'),
(353, 386, '2026-05-27', '2026-06-26', 35235.88, 'Paid'),
(354, 387, '2025-05-17', '2025-06-16', 10051.43, 'Paid'),
(355, 388, '2025-09-23', '2025-10-23', 6793.38, 'Paid'),
(356, 389, '2025-11-17', '2025-12-17', 13020.81, 'Paid'),
(357, 390, '2026-03-25', '2026-04-24', 30591.72, 'Paid'),
(358, 391, '2026-04-09', '2026-05-09', 2027.19, 'Paid'),
(359, 392, '2025-05-09', '2025-06-08', 17933.7, 'Paid'),
(360, 393, '2026-01-18', '2026-02-17', 28265.34, 'Paid'),
(361, 394, '2025-09-19', '2025-10-19', 3165.89, 'Paid'),
(362, 395, '2026-02-21', '2026-03-23', 3581.16, 'Paid'),
(363, 397, '2025-04-17', '2025-05-17', 38480.54, 'Paid'),
(364, 398, '2026-05-16', '2026-06-15', 25436.92, 'Paid'),
(365, 399, '2025-08-24', '2025-09-23', 18698.34, 'Paid'),
(366, 401, '2025-10-13', '2025-11-12', 18841.73, 'Paid'),
(367, 402, '2025-11-26', '2025-12-26', 1819.68, 'Paid'),
(368, 403, '2024-07-31', '2024-08-30', 25810.0, 'Paid'),
(369, 404, '2024-09-21', '2024-10-21', 4646.59, 'Paid'),
(370, 405, '2025-06-01', '2025-07-01', 14535.23, 'Overdue'),
(371, 406, '2026-04-03', '2026-05-03', 21537.9, 'Paid'),
(372, 408, '2024-12-30', '2025-01-29', 38417.73, 'Paid'),
(373, 409, '2025-07-28', '2025-08-27', 18555.18, 'Paid'),
(374, 410, '2026-06-21', '2026-07-21', 16457.5, 'Partially Paid'),
(375, 411, '2024-08-01', '2024-08-31', 9216.76, 'Paid'),
(376, 412, '2025-04-11', '2025-05-11', 642.24, 'Paid'),
(377, 413, '2026-01-12', '2026-02-11', 17237.43, 'Paid'),
(378, 414, '2026-06-05', '2026-07-05', 5724.18, 'Paid'),
(379, 415, '2024-11-16', '2024-12-16', 14890.97, 'Paid'),
(380, 416, '2025-05-19', '2025-06-18', 17103.63, 'Paid'),
(381, 417, '2026-04-08', '2026-05-08', 14064.51, 'Overdue'),
(382, 418, '2026-01-19', '2026-02-18', 6950.79, 'Overdue'),
(383, 419, '2025-01-28', '2025-02-27', 31025.69, 'Paid'),
(384, 420, '2024-11-01', '2024-12-01', 20770.31, 'Paid'),
(385, 421, '2025-02-03', '2025-03-05', 24257.3, 'Paid'),
(386, 422, '2026-05-02', '2026-06-01', 1726.25, 'Paid'),
(387, 423, '2025-11-18', '2025-12-18', 31459.26, 'Paid'),
(388, 424, '2026-04-23', '2026-05-23', 4746.15, 'Overdue'),
(389, 425, '2025-06-05', '2025-07-05', 33076.32, 'Paid'),
(390, 426, '2025-10-17', '2025-11-16', 15707.27, 'Paid'),
(391, 427, '2024-09-07', '2024-10-07', 5737.59, 'Paid'),
(392, 428, '2025-06-30', '2025-07-30', 18359.39, 'Paid'),
(393, 429, '2024-11-11', '2024-12-11', 9274.46, 'Paid'),
(394, 430, '2025-09-03', '2025-10-03', 6461.02, 'Paid'),
(395, 431, '2026-04-15', '2026-05-15', 17923.09, 'Paid'),
(396, 432, '2025-08-06', '2025-09-05', 18198.41, 'Paid'),
(397, 433, '2025-04-14', '2025-05-14', 1023.39, 'Overdue'),
(398, 435, '2024-07-21', '2024-08-20', 8783.37, 'Paid'),
(399, 436, '2025-05-27', '2025-06-26', 2114.27, 'Paid'),
(400, 437, '2026-04-17', '2026-05-17', 30139.85, 'Paid');
INSERT INTO `invoices` (`invoice_id`, `order_id`, `invoice_date`, `due_date`, `total_amount`, `status`) VALUES
(401, 438, '2026-04-18', '2026-05-18', 1932.73, 'Paid'),
(402, 440, '2024-09-07', '2024-10-07', 5987.16, 'Paid'),
(403, 441, '2025-02-22', '2025-03-24', 34505.12, 'Paid'),
(404, 442, '2025-10-16', '2025-11-15', 10547.0, 'Paid'),
(405, 443, '2025-12-02', '2026-01-01', 12577.3, 'Paid'),
(406, 444, '2024-10-29', '2024-11-28', 29545.64, 'Paid'),
(407, 445, '2025-12-18', '2026-01-17', 17830.57, 'Paid'),
(408, 446, '2024-09-05', '2024-10-05', 16735.78, 'Paid'),
(409, 447, '2025-11-30', '2025-12-30', 2886.96, 'Paid'),
(410, 448, '2025-10-08', '2025-11-07', 11863.58, 'Overdue'),
(411, 450, '2025-11-30', '2025-12-30', 39123.43, 'Paid');

-- payments: 350 rows
INSERT INTO `payments` (`payment_id`, `invoice_id`, `payment_date`, `amount`, `method`) VALUES
(1, 1, '2025-03-08', 18164.01, 'Bank Transfer'),
(2, 4, '2024-09-08', 3825.06, 'Bank Transfer'),
(3, 5, '2024-11-18', 7659.27, 'Credit Card'),
(4, 6, '2024-10-10', 331.88, 'Bank Transfer'),
(5, 7, '2025-07-11', 16900.8, 'ACH'),
(6, 8, '2025-02-28', 1275.02, 'ACH'),
(7, 9, '2025-10-22', 5980.23, 'ACH'),
(8, 11, '2026-04-19', 34205.88, 'ACH'),
(9, 12, '2025-12-22', 29237.41, 'Credit Card'),
(10, 13, '2024-07-22', 24953.33, 'ACH'),
(11, 15, '2025-01-11', 5909.11, 'Check'),
(12, 16, '2024-08-15', 44485.13, 'ACH'),
(13, 18, '2025-08-19', 13088.22, 'Credit Card'),
(14, 19, '2025-08-07', 6769.92, 'Bank Transfer'),
(15, 20, '2025-07-11', 30687.98, 'Bank Transfer'),
(16, 21, '2025-08-27', 36831.26, 'Credit Card'),
(17, 22, '2025-08-18', 32861.63, 'Check'),
(18, 23, '2025-02-26', 13960.51, 'Credit Card'),
(19, 24, '2026-04-01', 22997.63, 'Credit Card'),
(20, 25, '2025-09-29', 30388.07, 'ACH'),
(21, 26, '2026-04-01', 14165.57, 'ACH'),
(22, 27, '2024-10-30', 49773.16, 'Check'),
(23, 28, '2025-08-15', 19498.97, 'ACH'),
(24, 32, '2025-06-05', 8048.26, 'ACH'),
(25, 33, '2026-01-19', 19953.03, 'Credit Card'),
(26, 34, '2025-07-15', 32831.44, 'Bank Transfer'),
(27, 35, '2026-01-12', 34451.82, 'Bank Transfer'),
(28, 36, '2026-05-01', 3789.36, 'Bank Transfer'),
(29, 37, '2025-10-06', 3728.15, 'Bank Transfer'),
(30, 38, '2025-03-31', 18451.9, 'Bank Transfer'),
(31, 39, '2025-10-01', 24331.99, 'Check'),
(32, 40, '2024-09-09', 3879.33, 'Credit Card'),
(33, 41, '2026-06-10', 27792.3, 'Credit Card'),
(34, 43, '2024-12-11', 7772.54, 'Check'),
(35, 44, '2025-12-09', 23018.21, 'Check'),
(36, 46, '2024-10-26', 22321.23, 'Bank Transfer'),
(37, 47, '2025-01-30', 42407.71, 'Credit Card'),
(38, 48, '2025-05-20', 12035.15, 'Credit Card'),
(39, 49, '2025-03-11', 14878.08, 'Credit Card'),
(40, 50, '2024-09-19', 28431.52, 'Credit Card'),
(41, 51, '2025-10-27', 14667.42, 'ACH'),
(42, 52, '2024-08-24', 17548.76, 'Credit Card'),
(43, 53, '2026-06-11', 1578.43, 'Credit Card'),
(44, 55, '2024-07-27', 6527.71, 'Bank Transfer'),
(45, 57, '2024-12-09', 14877.94, 'Bank Transfer'),
(46, 58, '2024-07-30', 11763.95, 'ACH'),
(47, 59, '2025-10-14', 23761.53, 'Credit Card'),
(48, 60, '2025-04-15', 20868.47, 'ACH'),
(49, 61, '2025-07-12', 8991.18, 'ACH'),
(50, 62, '2025-10-10', 34044.51, 'Bank Transfer'),
(51, 63, '2025-09-23', 1338.17, 'Bank Transfer'),
(52, 64, '2024-08-24', 28738.57, 'Credit Card'),
(53, 65, '2024-12-12', 67870.9, 'Credit Card'),
(54, 66, '2025-12-26', 14122.05, 'Bank Transfer'),
(55, 67, '2024-08-04', 29147.87, 'Bank Transfer'),
(56, 68, '2025-11-03', 19713.51, 'Bank Transfer'),
(57, 69, '2026-06-02', 29563.14, 'Credit Card'),
(58, 70, '2026-03-25', 2785.36, 'Credit Card'),
(59, 72, '2026-01-03', 35195.12, 'Check'),
(60, 73, '2026-04-23', 15406.93, 'Bank Transfer'),
(61, 74, '2026-03-09', 36495.31, 'Credit Card'),
(62, 75, '2026-02-06', 10101.31, 'ACH'),
(63, 76, '2024-08-25', 12926.15, 'Check'),
(64, 77, '2025-09-30', 20360.29, 'Bank Transfer'),
(65, 78, '2025-08-06', 770.69, 'Credit Card'),
(66, 79, '2026-01-14', 3233.15, 'ACH'),
(67, 81, '2024-08-30', 32715.15, 'Check'),
(68, 82, '2024-12-10', 348.53, 'Bank Transfer'),
(69, 83, '2025-08-01', 5370.71, 'ACH'),
(70, 84, '2024-10-07', 9390.08, 'ACH'),
(71, 85, '2025-04-26', 1894.73, 'Credit Card'),
(72, 86, '2024-11-21', 13259.45, 'ACH'),
(73, 87, '2025-11-07', 33623.21, 'Credit Card'),
(74, 88, '2025-09-03', 11802.3, 'ACH'),
(75, 89, '2026-06-09', 9399.33, 'ACH'),
(76, 90, '2025-09-04', 10329.22, 'Check'),
(77, 91, '2025-08-20', 15535.34, 'Check'),
(78, 93, '2026-01-22', 18442.65, 'Check'),
(79, 95, '2025-11-14', 1671.26, 'Credit Card'),
(80, 96, '2025-12-13', 18071.0, 'ACH'),
(81, 97, '2025-05-15', 12969.89, 'Credit Card'),
(82, 98, '2024-10-09', 7356.42, 'Check'),
(83, 99, '2026-02-21', 12904.73, 'Credit Card'),
(84, 101, '2025-07-19', 7278.86, 'Check'),
(85, 102, '2025-11-11', 29667.62, 'Credit Card'),
(86, 104, '2025-09-17', 5488.6, 'Bank Transfer'),
(87, 105, '2026-05-28', 33568.9, 'Check'),
(88, 106, '2026-05-14', 6385.39, 'Credit Card'),
(89, 107, '2026-07-23', 5075.97, 'Bank Transfer'),
(90, 108, '2026-03-13', 8529.5, 'ACH'),
(91, 109, '2025-05-07', 5983.95, 'ACH'),
(92, 110, '2026-03-03', 16365.71, 'Check'),
(93, 111, '2025-02-26', 4970.5, 'Bank Transfer'),
(94, 112, '2025-01-07', 27586.02, 'Check'),
(95, 113, '2025-08-11', 20574.3, 'ACH'),
(96, 115, '2025-08-31', 4473.78, 'Check'),
(97, 116, '2026-01-09', 9103.45, 'Check'),
(98, 117, '2025-04-13', 3121.74, 'Check'),
(99, 119, '2026-06-16', 12639.47, 'ACH'),
(100, 120, '2024-07-07', 12154.61, 'Check'),
(101, 121, '2024-07-30', 16032.57, 'Credit Card'),
(102, 123, '2024-07-22', 2594.04, 'Check'),
(103, 124, '2024-10-24', 18032.63, 'Bank Transfer'),
(104, 125, '2026-05-03', 1094.18, 'Bank Transfer'),
(105, 126, '2024-07-09', 16840.47, 'Credit Card'),
(106, 127, '2026-06-21', 11253.5, 'Check'),
(107, 128, '2024-12-29', 21887.89, 'Credit Card'),
(108, 129, '2025-02-23', 20945.12, 'Check'),
(109, 130, '2026-02-05', 15408.58, 'ACH'),
(110, 131, '2026-05-24', 32954.24, 'ACH'),
(111, 132, '2026-03-12', 20419.92, 'Credit Card'),
(112, 133, '2026-05-29', 24460.21, 'Credit Card'),
(113, 134, '2025-08-01', 8841.84, 'Check'),
(114, 135, '2025-09-07', 8914.4, 'Bank Transfer'),
(115, 136, '2025-08-31', 41973.99, 'Check'),
(116, 137, '2024-09-24', 5564.77, 'ACH'),
(117, 138, '2024-11-10', 21447.3, 'ACH'),
(118, 139, '2025-01-28', 37188.02, 'Credit Card'),
(119, 140, '2026-05-08', 21734.18, 'Credit Card'),
(120, 141, '2025-01-13', 14714.69, 'Credit Card'),
(121, 144, '2025-09-03', 4250.09, 'Check'),
(122, 145, '2024-09-06', 5757.29, 'Check'),
(123, 146, '2025-07-03', 289.96, 'Check'),
(124, 147, '2025-06-23', 12620.05, 'Credit Card'),
(125, 148, '2026-04-26', 12234.29, 'ACH'),
(126, 149, '2025-12-20', 28839.27, 'Bank Transfer'),
(127, 150, '2026-03-06', 227.42, 'Check'),
(128, 151, '2024-09-16', 18395.22, 'ACH'),
(129, 152, '2025-11-07', 14892.29, 'Check'),
(130, 153, '2026-02-26', 38427.24, 'Credit Card'),
(131, 154, '2026-02-08', 20231.99, 'Check'),
(132, 155, '2026-05-29', 16844.37, 'Check'),
(133, 156, '2025-03-19', 3514.05, 'Bank Transfer'),
(134, 157, '2026-04-22', 15930.45, 'Credit Card'),
(135, 158, '2025-05-26', 25600.43, 'ACH'),
(136, 160, '2024-10-15', 11976.42, 'Check'),
(137, 161, '2026-02-04', 26790.73, 'ACH'),
(138, 162, '2026-01-23', 26218.95, 'ACH'),
(139, 163, '2026-03-26', 40516.17, 'Credit Card'),
(140, 164, '2026-05-11', 18345.6, 'Credit Card'),
(141, 165, '2025-10-11', 11654.19, 'ACH'),
(142, 166, '2025-10-18', 11748.05, 'Credit Card'),
(143, 167, '2024-09-06', 9802.43, 'ACH'),
(144, 169, '2025-03-03', 39139.73, 'Credit Card'),
(145, 170, '2025-08-31', 19672.21, 'ACH'),
(146, 171, '2025-03-08', 3602.24, 'Check'),
(147, 172, '2025-12-05', 44065.39, 'Credit Card'),
(148, 173, '2024-11-14', 15653.21, 'Bank Transfer'),
(149, 177, '2026-01-08', 817.74, 'Bank Transfer'),
(150, 178, '2025-09-17', 15067.99, 'ACH'),
(151, 179, '2024-09-24', 18885.78, 'Credit Card'),
(152, 180, '2025-06-04', 2924.31, 'Credit Card'),
(153, 181, '2026-02-04', 24100.33, 'Credit Card'),
(154, 182, '2024-10-30', 7836.24, 'Bank Transfer'),
(155, 183, '2025-03-07', 12071.73, 'ACH'),
(156, 184, '2025-06-14', 9662.87, 'Check'),
(157, 186, '2025-08-26', 20531.98, 'Check'),
(158, 187, '2025-01-27', 18870.93, 'Check'),
(159, 188, '2025-04-27', 2558.45, 'Credit Card'),
(160, 189, '2025-06-05', 25233.44, 'Check'),
(161, 192, '2025-07-06', 21254.56, 'Credit Card'),
(162, 193, '2024-12-06', 19390.87, 'Check'),
(163, 194, '2025-05-05', 24822.3, 'Check'),
(164, 195, '2025-09-02', 735.95, 'Credit Card'),
(165, 196, '2025-08-31', 40854.21, 'Credit Card'),
(166, 198, '2025-08-11', 27545.55, 'Bank Transfer'),
(167, 199, '2025-01-05', 11335.05, 'Check'),
(168, 200, '2025-01-29', 48422.43, 'ACH'),
(169, 201, '2025-05-16', 7318.3, 'ACH'),
(170, 202, '2025-11-27', 14709.42, 'Check'),
(171, 203, '2025-08-31', 27108.9, 'Check'),
(172, 205, '2025-05-20', 8466.33, 'Credit Card'),
(173, 206, '2025-04-13', 32159.52, 'Bank Transfer'),
(174, 207, '2024-11-29', 15349.9, 'ACH'),
(175, 208, '2025-03-12', 11743.8, 'ACH'),
(176, 209, '2025-11-11', 10521.63, 'Check'),
(177, 210, '2026-01-24', 18005.15, 'Credit Card'),
(178, 211, '2024-11-25', 4838.3, 'Credit Card'),
(179, 212, '2025-03-31', 846.57, 'ACH'),
(180, 213, '2026-03-03', 21304.85, 'Credit Card'),
(181, 214, '2026-02-25', 4184.36, 'Check'),
(182, 215, '2025-10-14', 20105.94, 'Bank Transfer'),
(183, 216, '2025-05-30', 10416.46, 'Credit Card'),
(184, 218, '2025-01-08', 20928.57, 'ACH'),
(185, 219, '2025-11-30', 5145.05, 'ACH'),
(186, 220, '2024-11-06', 11058.58, 'ACH'),
(187, 222, '2024-09-09', 11880.06, 'Check'),
(188, 223, '2026-01-07', 22550.8, 'ACH'),
(189, 224, '2025-01-15', 14283.99, 'Check'),
(190, 226, '2024-11-09', 1750.32, 'Bank Transfer'),
(191, 227, '2026-03-03', 31917.76, 'Bank Transfer'),
(192, 229, '2025-03-27', 6401.43, 'Check'),
(193, 230, '2025-03-07', 3940.88, 'Check'),
(194, 231, '2024-12-11', 27954.19, 'Check'),
(195, 233, '2026-01-19', 11235.92, 'Credit Card'),
(196, 234, '2025-08-24', 14519.35, 'Bank Transfer'),
(197, 235, '2025-10-12', 11570.64, 'Check'),
(198, 238, '2025-11-08', 17041.67, 'Bank Transfer'),
(199, 239, '2025-04-09', 10975.75, 'ACH'),
(200, 240, '2026-05-06', 4228.45, 'Check');
INSERT INTO `payments` (`payment_id`, `invoice_id`, `payment_date`, `amount`, `method`) VALUES
(201, 242, '2025-01-17', 38866.56, 'Credit Card'),
(202, 243, '2024-09-06', 24777.99, 'Bank Transfer'),
(203, 244, '2024-12-10', 19134.37, 'ACH'),
(204, 245, '2025-12-01', 7659.74, 'Bank Transfer'),
(205, 246, '2025-01-25', 12800.45, 'Bank Transfer'),
(206, 248, '2026-06-03', 6724.54, 'Bank Transfer'),
(207, 249, '2024-08-22', 13054.6, 'Bank Transfer'),
(208, 250, '2025-11-04', 3580.7, 'Credit Card'),
(209, 251, '2025-11-06', 19170.89, 'ACH'),
(210, 252, '2026-05-14', 10965.86, 'Check'),
(211, 253, '2025-04-08', 23657.28, 'Check'),
(212, 255, '2025-02-16', 21726.68, 'Credit Card'),
(213, 256, '2026-04-14', 14948.05, 'Bank Transfer'),
(214, 258, '2025-07-15', 1211.27, 'Bank Transfer'),
(215, 259, '2025-12-02', 3652.39, 'ACH'),
(216, 260, '2025-07-01', 7354.27, 'Bank Transfer'),
(217, 261, '2025-10-01', 50667.17, 'Credit Card'),
(218, 262, '2024-09-27', 12132.83, 'Check'),
(219, 264, '2026-06-10', 8639.46, 'Credit Card'),
(220, 265, '2025-08-24', 47570.1, 'ACH'),
(221, 266, '2025-12-08', 28475.39, 'Check'),
(222, 267, '2024-08-10', 36728.11, 'Credit Card'),
(223, 269, '2025-02-21', 12644.82, 'Bank Transfer'),
(224, 270, '2025-07-04', 3133.53, 'Credit Card'),
(225, 271, '2026-01-14', 41006.03, 'Credit Card'),
(226, 272, '2024-08-01', 19914.15, 'ACH'),
(227, 274, '2025-04-04', 5747.19, 'Credit Card'),
(228, 275, '2025-02-17', 7918.54, 'Credit Card'),
(229, 277, '2026-07-12', 28035.33, 'ACH'),
(230, 278, '2025-02-01', 22299.79, 'Check'),
(231, 279, '2025-01-30', 34322.2, 'Bank Transfer'),
(232, 280, '2025-04-23', 19091.42, 'Bank Transfer'),
(233, 282, '2026-06-30', 5299.58, 'Bank Transfer'),
(234, 283, '2026-05-29', 10766.36, 'Check'),
(235, 284, '2026-06-08', 7040.27, 'ACH'),
(236, 285, '2025-01-01', 23233.37, 'Credit Card'),
(237, 286, '2025-03-23', 11899.91, 'ACH'),
(238, 287, '2025-05-08', 48940.33, 'Credit Card'),
(239, 288, '2024-10-20', 21606.4, 'Check'),
(240, 289, '2026-01-02', 28995.72, 'Bank Transfer'),
(241, 290, '2025-07-24', 23235.95, 'Bank Transfer'),
(242, 291, '2026-04-13', 6675.9, 'Check'),
(243, 292, '2025-12-08', 8126.85, 'ACH'),
(244, 293, '2025-05-11', 32935.56, 'Credit Card'),
(245, 294, '2025-03-07', 20989.56, 'Credit Card'),
(246, 295, '2025-10-11', 7165.11, 'Credit Card'),
(247, 296, '2025-06-16', 26295.6, 'Bank Transfer'),
(248, 297, '2024-10-15', 7603.62, 'Check'),
(249, 298, '2025-10-30', 23934.11, 'ACH'),
(250, 299, '2025-09-21', 11769.26, 'Credit Card'),
(251, 300, '2025-12-02', 4144.51, 'Bank Transfer'),
(252, 301, '2024-12-10', 15193.8, 'Check'),
(253, 302, '2025-11-18', 13343.0, 'Check'),
(254, 303, '2026-04-26', 13681.72, 'ACH'),
(255, 304, '2026-04-30', 1803.14, 'Bank Transfer'),
(256, 305, '2025-05-22', 3165.89, 'Bank Transfer'),
(257, 306, '2026-04-30', 24205.12, 'Check'),
(258, 308, '2025-11-15', 24416.92, 'ACH'),
(259, 309, '2025-09-12', 6027.82, 'Check'),
(260, 312, '2025-07-27', 11999.98, 'ACH'),
(261, 313, '2025-12-11', 34906.4, 'Check'),
(262, 314, '2026-03-21', 27530.67, 'Check'),
(263, 315, '2024-08-03', 14705.08, 'Check'),
(264, 316, '2025-02-25', 22542.56, 'Bank Transfer'),
(265, 318, '2026-06-25', 26893.58, 'ACH'),
(266, 319, '2025-02-24', 2785.47, 'Credit Card'),
(267, 320, '2026-01-08', 1742.79, 'Check'),
(268, 321, '2026-03-14', 7627.91, 'ACH'),
(269, 322, '2025-10-25', 20608.06, 'Credit Card'),
(270, 323, '2026-01-17', 22925.96, 'Credit Card'),
(271, 324, '2024-11-12', 29196.99, 'Bank Transfer'),
(272, 325, '2024-12-07', 18688.88, 'Check'),
(273, 326, '2024-10-27', 30999.91, 'Bank Transfer'),
(274, 327, '2024-07-23', 44959.67, 'Check'),
(275, 329, '2025-09-30', 14199.99, 'ACH'),
(276, 330, '2025-09-28', 2155.14, 'Credit Card'),
(277, 331, '2025-09-25', 23472.08, 'Bank Transfer'),
(278, 332, '2025-09-17', 23245.5, 'Bank Transfer'),
(279, 333, '2025-01-07', 31953.09, 'Check'),
(280, 334, '2024-09-08', 17359.69, 'Check'),
(281, 335, '2026-02-06', 17707.12, 'Bank Transfer'),
(282, 337, '2026-03-20', 29516.01, 'Bank Transfer'),
(283, 338, '2025-07-02', 9331.14, 'ACH'),
(284, 339, '2025-10-28', 23163.71, 'Bank Transfer'),
(285, 340, '2024-11-15', 26770.91, 'Check'),
(286, 341, '2025-04-23', 31381.99, 'Bank Transfer'),
(287, 342, '2025-06-27', 7443.25, 'Check'),
(288, 343, '2024-11-17', 8015.72, 'Bank Transfer'),
(289, 344, '2024-12-13', 3065.34, 'Credit Card'),
(290, 345, '2025-05-15', 18451.18, 'Bank Transfer'),
(291, 346, '2026-05-10', 9802.43, 'Check'),
(292, 347, '2026-06-02', 15743.05, 'ACH'),
(293, 348, '2025-01-04', 5750.86, 'Bank Transfer'),
(294, 349, '2025-11-06', 24120.72, 'Check'),
(295, 350, '2024-12-17', 13035.75, 'Check'),
(296, 351, '2024-12-18', 13930.53, 'ACH'),
(297, 352, '2024-11-15', 38228.74, 'Credit Card'),
(298, 353, '2026-06-08', 35235.88, 'Bank Transfer'),
(299, 354, '2025-06-05', 10051.43, 'Credit Card'),
(300, 355, '2025-09-24', 6793.38, 'Check'),
(301, 356, '2025-12-12', 13020.81, 'Check'),
(302, 357, '2026-04-16', 30591.72, 'Check'),
(303, 358, '2026-04-13', 2027.19, 'Bank Transfer'),
(304, 359, '2025-06-01', 17933.7, 'Bank Transfer'),
(305, 360, '2026-01-25', 28265.34, 'ACH'),
(306, 361, '2025-09-29', 3165.89, 'Check'),
(307, 362, '2026-03-06', 3581.16, 'Bank Transfer'),
(308, 363, '2025-05-01', 38480.54, 'Bank Transfer'),
(309, 364, '2026-06-05', 25436.92, 'Bank Transfer'),
(310, 365, '2025-09-03', 18698.34, 'Bank Transfer'),
(311, 366, '2025-10-27', 18841.73, 'Bank Transfer'),
(312, 367, '2025-12-10', 1819.68, 'Bank Transfer'),
(313, 368, '2024-08-01', 25810.0, 'ACH'),
(314, 369, '2024-09-30', 4646.59, 'Bank Transfer'),
(315, 371, '2026-04-23', 21537.9, 'Check'),
(316, 372, '2025-01-07', 38417.73, 'ACH'),
(317, 373, '2025-08-16', 18555.18, 'Check'),
(318, 374, '2026-07-07', 5501.67, 'Bank Transfer'),
(319, 375, '2024-08-12', 9216.76, 'Check'),
(320, 376, '2025-05-03', 642.24, 'Bank Transfer'),
(321, 377, '2026-02-04', 17237.43, 'Check'),
(322, 378, '2026-06-28', 5724.18, 'Check'),
(323, 379, '2024-12-10', 14890.97, 'ACH'),
(324, 380, '2025-05-22', 17103.63, 'Credit Card'),
(325, 383, '2025-02-15', 31025.69, 'Credit Card'),
(326, 384, '2024-11-03', 20770.31, 'ACH'),
(327, 385, '2025-02-11', 24257.3, 'Check'),
(328, 386, '2026-05-14', 1726.25, 'Credit Card'),
(329, 387, '2025-11-19', 31459.26, 'ACH'),
(330, 389, '2025-06-22', 33076.32, 'Check'),
(331, 390, '2025-10-27', 15707.27, 'Check'),
(332, 391, '2024-09-29', 5737.59, 'ACH'),
(333, 392, '2025-07-05', 18359.39, 'Credit Card'),
(334, 393, '2024-11-30', 9274.46, 'Bank Transfer'),
(335, 394, '2025-09-12', 6461.02, 'Bank Transfer'),
(336, 395, '2026-05-02', 17923.09, 'Check'),
(337, 396, '2025-08-17', 18198.41, 'Check'),
(338, 398, '2024-07-26', 8783.37, 'Credit Card'),
(339, 399, '2025-06-07', 2114.27, 'Check'),
(340, 400, '2026-04-22', 30139.85, 'ACH'),
(341, 401, '2026-04-22', 1932.73, 'ACH'),
(342, 402, '2024-09-09', 5987.16, 'Bank Transfer'),
(343, 403, '2025-03-10', 34505.12, 'ACH'),
(344, 404, '2025-11-09', 10547.0, 'ACH'),
(345, 405, '2025-12-16', 12577.3, 'ACH'),
(346, 406, '2024-11-07', 29545.64, 'ACH'),
(347, 407, '2026-01-04', 17830.57, 'ACH'),
(348, 408, '2024-09-19', 16735.78, 'Bank Transfer'),
(349, 409, '2025-12-11', 2886.96, 'Check'),
(350, 411, '2025-12-25', 39123.43, 'Bank Transfer');

-- returns: 38 rows
INSERT INTO `returns` (`return_id`, `order_item_id`, `return_date`, `reason`, `refund_amount`) VALUES
(1, 39, '2026-04-29', 'Defective product', 186.25),
(2, 40, '2025-12-27', 'Wrong item shipped', 51.56),
(3, 63, '2025-12-06', 'Better price found elsewhere', 404.06),
(4, 107, '2024-10-29', 'Better price found elsewhere', 333.74),
(5, 139, '2025-10-12', 'Better price found elsewhere', 118.99),
(6, 176, '2025-05-01', 'No longer needed', 102.35),
(7, 266, '2026-04-19', 'Wrong item shipped', 679.94),
(8, 278, '2025-10-02', 'Damaged in transit', 898.24),
(9, 306, '2025-09-08', 'Damaged in transit', 178.9),
(10, 331, '2025-05-18', 'Better price found elsewhere', 615.68),
(11, 347, '2025-07-28', 'No longer needed', 619.55),
(12, 363, '2026-07-12', 'No longer needed', 539.5),
(13, 383, '2026-01-07', 'Wrong item shipped', 45.41),
(14, 486, '2026-05-05', 'Better price found elsewhere', 572.95),
(15, 495, '2024-09-11', 'No longer needed', 873.4),
(16, 546, '2026-05-25', 'No longer needed', 853.73),
(17, 613, '2025-05-22', 'Defective product', 725.37),
(18, 618, '2025-12-04', 'Defective product', 674.54),
(19, 654, '2025-01-26', 'Defective product', 371.0),
(20, 659, '2025-09-03', 'Better price found elsewhere', 98.49),
(21, 672, '2024-11-24', 'Better price found elsewhere', 705.95),
(22, 685, '2026-02-26', 'Defective product', 282.72),
(23, 695, '2025-05-30', 'Damaged in transit', 135.53),
(24, 770, '2025-12-03', 'Damaged in transit', 195.89),
(25, 785, '2025-08-04', 'Better price found elsewhere', 256.26),
(26, 820, '2025-03-25', 'Better price found elsewhere', 733.68),
(27, 941, '2025-03-15', 'Better price found elsewhere', 575.0),
(28, 986, '2025-05-28', 'Damaged in transit', 320.74),
(29, 991, '2024-10-15', 'Wrong item shipped', 838.99),
(30, 1044, '2024-08-03', 'Better price found elsewhere', 404.87),
(31, 1060, '2025-02-19', 'Wrong item shipped', 886.08),
(32, 1203, '2025-09-27', 'Damaged in transit', 396.4),
(33, 1228, '2024-08-02', 'Damaged in transit', 87.35),
(34, 1246, '2026-07-07', 'Defective product', 469.37),
(35, 1251, '2026-01-15', 'Better price found elsewhere', 601.55),
(36, 1260, '2025-05-28', 'No longer needed', 244.28),
(37, 1308, '2025-05-02', 'Defective product', 120.26),
(38, 1352, '2025-10-23', 'Wrong item shipped', 711.84);

-- vendors: 15 rows
INSERT INTO `vendors` (`vendor_id`, `vendor_name`, `vendor_tier`, `contact_email`, `contact_phone`, `address_id`) VALUES
(1, 'Meridian Components Inc.', 'Preferred', 'nicholasjames@barr.com', '(422)306-4474', 55),
(2, 'NorthPeak Office Supply', 'Standard', 'susansmith@smith-jimenez.info', '+1-809-973-3977', 48),
(3, 'Global Circuit Systems', 'Standard', 'burkeadam@ramirez.com', '6227050209', 21),
(4, 'Vantage Furniture Co.', 'Strategic Partner', 'williamsrobert@martin.org', '+1-399-882-7950x14556', 192),
(5, 'Cascade Logistics Partners', 'Strategic Partner', 'carterdennis@villarreal.com', '001-739-601-9817x946', 155),
(6, 'Summit Industrial Supply', 'Preferred', 'sara99@stone-welch.info', '(393)543-0107', 67),
(7, 'BrightPath Software Group', 'Standard', 'vgutierrez@castro-walsh.com', '+1-734-841-4488x5015', 173),
(8, 'Ironclad Packaging Ltd.', 'Preferred', 'collierjames@nielsen-mendoza.info', '2276278576', 28),
(9, 'Anchor Networking Solutions', 'Preferred', 'angela03@jennings.com', '824-405-6829', 112),
(10, 'Sterling Business Systems', 'Preferred', 'hancockkaren@hodge.com', '335.974.3842x1503', 137),
(11, 'Redwood Facilities Services', 'Standard', 'lloydrebecca@lee.net', '652-218-2307x6810', 5),
(12, 'Pioneer Electronics Trading', 'Strategic Partner', 'cookpamela@meyer.com', '7949353344', 2),
(13, 'Blue Harbor Freight Co.', 'Strategic Partner', 'nelsoneric@smith.net', '613.785.8542x49321', 102),
(14, 'Lattice Office Interiors', 'Preferred', 'bwilliams@berger-williams.biz', '7166629979', 30),
(15, 'Keystone IT Distributors', 'Standard', 'lisa81@bradley-davis.info', '674-777-3329', 4);

-- vendor_contracts: 15 rows
INSERT INTO `vendor_contracts` (`contract_id`, `vendor_id`, `start_date`, `end_date`, `payment_terms_days`, `early_payment_discount_pct`, `status`) VALUES
(1, 1, '2023-12-12', '2025-12-11', 45, 2.0, 'Expired'),
(2, 2, '2024-09-09', '2026-09-09', 30, 2.0, 'Active'),
(3, 3, '2024-08-09', '2026-08-09', 30, 2.0, 'Active'),
(4, 4, '2024-11-26', '2026-11-26', 60, 2.5, 'Active'),
(5, 5, '2025-02-17', '2027-02-17', 60, 2.0, 'Active'),
(6, 6, '2024-02-04', '2026-02-03', 45, 2.5, 'Expired'),
(7, 7, '2023-01-27', '2025-01-26', 30, 1.0, 'Expired'),
(8, 8, '2024-02-24', '2026-02-23', 45, 2.0, 'Expired'),
(9, 9, '2023-11-06', '2025-11-05', 45, 0.0, 'Expired'),
(10, 10, '2024-02-11', '2026-02-10', 60, 0.0, 'Expired'),
(11, 11, '2023-05-31', '2025-05-30', 30, 0.0, 'Expired'),
(12, 12, '2024-11-08', '2026-11-08', 60, 0.0, 'Active'),
(13, 13, '2024-06-17', '2026-06-17', 60, 0.0, 'Expired'),
(14, 14, '2023-04-23', '2025-04-22', 45, 0.0, 'Expired'),
(15, 15, '2023-04-01', '2025-03-31', 30, 0.0, 'Expired');

-- purchase_orders: 130 rows
INSERT INTO `purchase_orders` (`po_id`, `vendor_id`, `employee_id`, `po_date`, `status`, `expected_delivery`) VALUES
(1, 4, 35, '2026-02-16', 'Received', '2026-03-10'),
(2, 7, 37, '2026-02-01', 'Open', '2026-03-14'),
(3, 4, 32, '2025-02-23', 'Received', '2025-03-31'),
(4, 3, 35, '2025-10-17', 'Received', '2025-10-31'),
(5, 3, 33, '2026-01-29', 'Received', '2026-03-05'),
(6, 8, 35, '2025-07-24', 'Received', '2025-08-28'),
(7, 10, 33, '2025-04-19', 'Received', '2025-06-01'),
(8, 14, 35, '2025-04-28', 'Received', '2025-05-05'),
(9, 2, 37, '2025-09-26', 'Open', '2025-10-30'),
(10, 7, 35, '2025-08-04', 'Received', '2025-09-18'),
(11, 12, 36, '2026-06-10', 'Cancelled', '2026-06-19'),
(12, 8, 35, '2025-04-06', 'Received', '2025-05-20'),
(13, 12, 36, '2025-03-06', 'Open', '2025-04-13'),
(14, 4, 37, '2026-02-14', 'Received', '2026-02-22'),
(15, 7, 36, '2025-09-04', 'Received', '2025-09-15'),
(16, 5, 37, '2026-01-23', 'Received', '2026-03-01'),
(17, 2, 35, '2025-05-14', 'Received', '2025-06-12'),
(18, 8, 37, '2026-01-25', 'Received', '2026-02-11'),
(19, 5, 37, '2025-08-01', 'Received', '2025-08-30'),
(20, 8, 33, '2024-12-20', 'Received', '2025-02-02'),
(21, 15, 37, '2025-10-27', 'Received', '2025-12-11'),
(22, 14, 37, '2024-08-26', 'Received', '2024-09-10'),
(23, 15, 34, '2026-05-10', 'Received', '2026-06-10'),
(24, 7, 37, '2025-08-23', 'Received', '2025-09-22'),
(25, 13, 35, '2025-06-20', 'Open', '2025-07-07'),
(26, 10, 33, '2025-09-05', 'Received', '2025-09-17'),
(27, 11, 35, '2025-06-03', 'Received', '2025-06-22'),
(28, 3, 36, '2025-08-09', 'Received', '2025-09-11'),
(29, 8, 34, '2026-02-20', 'Received', '2026-04-03'),
(30, 1, 32, '2024-11-06', 'Received', '2024-11-29'),
(31, 6, 37, '2026-05-28', 'Received', '2026-07-06'),
(32, 1, 32, '2024-08-20', 'Received', '2024-09-03'),
(33, 10, 33, '2024-09-18', 'Received', '2024-10-09'),
(34, 8, 34, '2026-02-14', 'Cancelled', '2026-03-15'),
(35, 13, 32, '2026-01-14', 'Open', '2026-02-25'),
(36, 5, 33, '2025-04-03', 'Open', '2025-05-12'),
(37, 10, 37, '2025-06-26', 'Received', '2025-07-06'),
(38, 15, 35, '2025-10-25', 'Open', '2025-11-08'),
(39, 2, 36, '2024-09-04', 'Received', '2024-09-17'),
(40, 14, 36, '2026-02-16', 'Received', '2026-03-01'),
(41, 3, 37, '2026-04-08', 'Received', '2026-04-28'),
(42, 15, 34, '2026-04-20', 'Received', '2026-05-15'),
(43, 12, 35, '2025-10-07', 'Open', '2025-11-14'),
(44, 12, 32, '2024-07-01', 'Received', '2024-07-31'),
(45, 6, 33, '2024-10-15', 'Received', '2024-11-03'),
(46, 8, 35, '2024-10-17', 'Open', '2024-10-24'),
(47, 4, 35, '2025-07-23', 'Received', '2025-08-31'),
(48, 3, 32, '2025-04-11', 'Received', '2025-05-14'),
(49, 6, 37, '2025-08-26', 'Received', '2025-09-11'),
(50, 13, 36, '2024-11-20', 'Received', '2024-12-11'),
(51, 3, 35, '2025-11-09', 'Received', '2025-12-12'),
(52, 15, 35, '2025-02-16', 'Cancelled', '2025-03-28'),
(53, 13, 37, '2025-08-20', 'Received', '2025-08-28'),
(54, 8, 33, '2026-04-27', 'Open', '2026-06-06'),
(55, 2, 32, '2025-02-08', 'Received', '2025-03-12'),
(56, 13, 33, '2026-05-19', 'Received', '2026-06-20'),
(57, 13, 32, '2025-05-13', 'Received', '2025-05-29'),
(58, 15, 36, '2026-06-17', 'Received', '2026-07-27'),
(59, 5, 35, '2025-03-08', 'Received', '2025-04-19'),
(60, 14, 34, '2024-09-04', 'Received', '2024-10-01'),
(61, 15, 34, '2024-07-06', 'Received', '2024-07-30'),
(62, 15, 36, '2026-06-20', 'Received', '2026-07-06'),
(63, 12, 35, '2025-04-21', 'Received', '2025-05-11'),
(64, 15, 36, '2024-10-01', 'Received', '2024-11-05'),
(65, 12, 34, '2025-01-31', 'Open', '2025-03-04'),
(66, 13, 33, '2025-03-27', 'Open', '2025-04-08'),
(67, 1, 36, '2025-08-05', 'Received', '2025-08-20'),
(68, 9, 36, '2024-08-08', 'Received', '2024-08-20'),
(69, 9, 36, '2025-11-25', 'Received', '2025-12-23'),
(70, 13, 37, '2026-02-19', 'Received', '2026-02-27'),
(71, 15, 36, '2025-03-19', 'Received', '2025-04-10'),
(72, 14, 34, '2026-03-20', 'Received', '2026-04-28'),
(73, 2, 37, '2026-03-24', 'Received', '2026-04-23'),
(74, 5, 37, '2024-12-19', 'Received', '2025-01-02'),
(75, 1, 37, '2025-11-24', 'Open', '2025-12-29'),
(76, 5, 36, '2025-04-14', 'Received', '2025-05-20'),
(77, 6, 33, '2025-02-17', 'Open', '2025-04-02'),
(78, 10, 37, '2025-04-06', 'Open', '2025-05-17'),
(79, 14, 36, '2025-04-05', 'Received', '2025-05-01'),
(80, 5, 37, '2025-08-02', 'Open', '2025-09-14'),
(81, 11, 33, '2025-10-26', 'Received', '2025-12-05'),
(82, 12, 33, '2025-06-12', 'Received', '2025-07-22'),
(83, 10, 33, '2024-11-15', 'Open', '2024-12-15'),
(84, 8, 32, '2025-04-07', 'Received', '2025-05-11'),
(85, 14, 35, '2026-05-05', 'Received', '2026-05-15'),
(86, 7, 33, '2026-03-05', 'Received', '2026-04-09'),
(87, 2, 34, '2024-10-21', 'Received', '2024-11-22'),
(88, 10, 36, '2026-06-28', 'Received', '2026-07-30'),
(89, 14, 34, '2025-11-01', 'Received', '2025-12-05'),
(90, 8, 37, '2024-10-06', 'Open', '2024-11-13'),
(91, 12, 35, '2024-08-22', 'Open', '2024-09-07'),
(92, 9, 33, '2024-07-12', 'Received', '2024-08-17'),
(93, 3, 37, '2025-12-08', 'Received', '2026-01-17'),
(94, 2, 37, '2025-06-20', 'Received', '2025-07-27'),
(95, 1, 37, '2025-05-15', 'Received', '2025-06-26'),
(96, 6, 32, '2026-06-22', 'Received', '2026-07-25'),
(97, 2, 32, '2024-08-31', 'Received', '2024-09-25'),
(98, 1, 36, '2025-10-12', 'Received', '2025-11-11'),
(99, 5, 34, '2025-04-30', 'Received', '2025-06-07'),
(100, 1, 33, '2025-05-29', 'Received', '2025-07-12'),
(101, 7, 32, '2026-01-27', 'Open', '2026-02-22'),
(102, 15, 34, '2025-09-14', 'Received', '2025-10-22'),
(103, 1, 32, '2025-05-07', 'Received', '2025-05-18'),
(104, 14, 32, '2024-11-09', 'Received', '2024-12-22'),
(105, 5, 36, '2025-07-07', 'Received', '2025-08-04'),
(106, 13, 35, '2025-08-07', 'Received', '2025-09-21'),
(107, 3, 33, '2025-05-25', 'Received', '2025-06-30'),
(108, 13, 35, '2025-03-17', 'Received', '2025-04-02'),
(109, 14, 37, '2024-11-13', 'Received', '2024-12-16'),
(110, 7, 33, '2025-09-14', 'Open', '2025-10-12'),
(111, 9, 32, '2025-08-26', 'Cancelled', '2025-09-30'),
(112, 12, 34, '2026-03-10', 'Received', '2026-03-27'),
(113, 12, 32, '2024-12-20', 'Received', '2025-01-15'),
(114, 9, 37, '2025-07-01', 'Received', '2025-08-12'),
(115, 2, 33, '2025-04-26', 'Cancelled', '2025-06-06'),
(116, 10, 32, '2025-08-03', 'Cancelled', '2025-09-12'),
(117, 4, 35, '2025-03-25', 'Received', '2025-04-02'),
(118, 2, 37, '2026-06-14', 'Open', '2026-07-02'),
(119, 1, 34, '2025-08-19', 'Open', '2025-09-10'),
(120, 14, 37, '2025-11-26', 'Open', '2026-01-09'),
(121, 8, 32, '2024-09-21', 'Open', '2024-11-05'),
(122, 6, 35, '2025-06-17', 'Received', '2025-07-25'),
(123, 14, 32, '2025-11-16', 'Received', '2025-12-04'),
(124, 7, 32, '2024-10-12', 'Open', '2024-11-08'),
(125, 7, 34, '2025-12-16', 'Received', '2025-12-29'),
(126, 9, 33, '2026-06-18', 'Received', '2026-07-06'),
(127, 5, 32, '2026-06-18', 'Received', '2026-07-21'),
(128, 11, 33, '2026-01-19', 'Received', '2026-02-15'),
(129, 3, 32, '2025-06-04', 'Received', '2025-06-30'),
(130, 7, 32, '2024-08-27', 'Received', '2024-09-29');

-- purchase_order_items: 327 rows
INSERT INTO `purchase_order_items` (`po_item_id`, `po_id`, `product_id`, `quantity`, `unit_cost`) VALUES
(1, 1, 17, 101, 752.17),
(2, 1, 8, 18, 230.49),
(3, 1, 39, 155, 837.89),
(4, 2, 8, 73, 214.15),
(5, 2, 30, 146, 196.07),
(6, 2, 31, 12, 62.75),
(7, 2, 15, 9, 610.68),
(8, 3, 16, 200, 438.94),
(9, 4, 20, 150, 581.86),
(10, 4, 6, 167, 805.6),
(11, 5, 24, 143, 802.01),
(12, 5, 16, 142, 513.11),
(13, 6, 3, 5, 606.45),
(14, 6, 40, 79, 501.27),
(15, 6, 11, 5, 436.69),
(16, 6, 31, 74, 68.17),
(17, 7, 23, 166, 865.69),
(18, 7, 33, 77, 321.27),
(19, 7, 35, 149, 10.26),
(20, 7, 6, 106, 874.94),
(21, 8, 36, 76, 848.53),
(22, 8, 14, 161, 104.7),
(23, 9, 44, 92, 768.98),
(24, 9, 29, 74, 173.24),
(25, 9, 21, 92, 401.49),
(26, 10, 2, 182, 403.97),
(27, 10, 1, 160, 556.98),
(28, 10, 1, 177, 482.85),
(29, 11, 26, 142, 800.27),
(30, 11, 42, 171, 543.69),
(31, 11, 2, 176, 469.03),
(32, 11, 8, 95, 319.05),
(33, 12, 39, 96, 899.71),
(34, 12, 45, 7, 113.87),
(35, 12, 24, 54, 646.31),
(36, 12, 15, 195, 537.08),
(37, 13, 44, 186, 681.4),
(38, 13, 6, 162, 849.31),
(39, 13, 15, 64, 820.5),
(40, 14, 3, 76, 532.22),
(41, 14, 39, 58, 743.52),
(42, 14, 41, 106, 186.53),
(43, 15, 37, 133, 260.81),
(44, 15, 36, 54, 779.32),
(45, 15, 37, 177, 282.22),
(46, 16, 5, 155, 173.96),
(47, 16, 5, 37, 185.81),
(48, 17, 34, 191, 823.11),
(49, 17, 13, 178, 418.07),
(50, 18, 44, 148, 847.27),
(51, 18, 1, 114, 597.21),
(52, 18, 42, 18, 768.5),
(53, 19, 28, 109, 662.76),
(54, 19, 44, 137, 715.74),
(55, 19, 24, 137, 736.85),
(56, 20, 4, 76, 396.5),
(57, 20, 35, 119, 11.61),
(58, 21, 13, 90, 431.53),
(59, 21, 37, 11, 317.23),
(60, 21, 15, 181, 656.32),
(61, 21, 5, 68, 180.15),
(62, 22, 20, 21, 639.67),
(63, 22, 7, 12, 466.1),
(64, 22, 2, 156, 542.58),
(65, 23, 17, 68, 523.43),
(66, 23, 16, 92, 490.72),
(67, 23, 22, 138, 584.69),
(68, 24, 39, 163, 921.01),
(69, 25, 41, 119, 232.21),
(70, 26, 4, 13, 317.59),
(71, 27, 9, 20, 505.37),
(72, 28, 4, 82, 351.63),
(73, 28, 28, 21, 607.73),
(74, 28, 4, 148, 270.16),
(75, 28, 25, 107, 422.36),
(76, 29, 15, 158, 763.65),
(77, 29, 40, 7, 460.47),
(78, 29, 30, 114, 238.07),
(79, 29, 40, 30, 437.22),
(80, 30, 30, 137, 189.06),
(81, 31, 7, 31, 370.5),
(82, 31, 5, 156, 233.61),
(83, 32, 37, 37, 277.1),
(84, 32, 17, 95, 609.35),
(85, 33, 12, 67, 103.7),
(86, 33, 3, 20, 447.46),
(87, 33, 38, 116, 608.72),
(88, 33, 42, 198, 624.83),
(89, 34, 10, 125, 529.0),
(90, 34, 22, 79, 488.84),
(91, 35, 34, 155, 783.4),
(92, 36, 4, 65, 336.51),
(93, 36, 36, 18, 703.99),
(94, 37, 13, 168, 621.1),
(95, 37, 5, 92, 179.47),
(96, 38, 45, 182, 164.58),
(97, 38, 39, 182, 876.83),
(98, 38, 38, 149, 727.12),
(99, 38, 40, 81, 453.38),
(100, 39, 7, 121, 547.09),
(101, 39, 3, 131, 468.75),
(102, 40, 41, 62, 243.37),
(103, 41, 40, 59, 416.66),
(104, 41, 22, 194, 490.43),
(105, 41, 26, 52, 1117.18),
(106, 41, 1, 97, 442.81),
(107, 42, 2, 147, 400.1),
(108, 42, 19, 117, 898.04),
(109, 42, 38, 200, 568.4),
(110, 43, 13, 55, 477.92),
(111, 44, 17, 189, 541.66),
(112, 44, 36, 67, 626.84),
(113, 45, 12, 72, 145.07),
(114, 46, 44, 40, 688.06),
(115, 47, 22, 58, 474.47),
(116, 48, 24, 100, 708.6),
(117, 48, 34, 164, 854.79),
(118, 49, 8, 41, 308.77),
(119, 50, 13, 54, 534.89),
(120, 50, 45, 100, 125.3),
(121, 51, 41, 67, 265.6),
(122, 51, 40, 155, 406.46),
(123, 51, 35, 80, 14.2),
(124, 51, 21, 68, 370.06),
(125, 52, 9, 135, 514.52),
(126, 52, 32, 58, 817.02),
(127, 52, 31, 174, 68.65),
(128, 53, 33, 104, 444.14),
(129, 53, 42, 197, 668.68),
(130, 54, 34, 123, 630.82),
(131, 54, 24, 139, 718.28),
(132, 54, 32, 126, 668.65),
(133, 54, 26, 168, 1157.63),
(134, 55, 14, 61, 122.42),
(135, 56, 16, 106, 376.28),
(136, 56, 28, 101, 757.77),
(137, 56, 24, 70, 676.82),
(138, 56, 9, 197, 350.16),
(139, 57, 34, 95, 647.13),
(140, 57, 3, 124, 536.73),
(141, 57, 22, 114, 507.39),
(142, 57, 28, 109, 692.63),
(143, 58, 21, 74, 435.78),
(144, 58, 12, 118, 108.85),
(145, 58, 42, 24, 625.22),
(146, 58, 6, 80, 925.43),
(147, 59, 18, 63, 214.65),
(148, 60, 24, 14, 675.52),
(149, 61, 13, 177, 488.27),
(150, 61, 20, 195, 689.66),
(151, 61, 44, 75, 628.61),
(152, 62, 35, 71, 9.92),
(153, 62, 20, 77, 691.44),
(154, 63, 26, 153, 1088.13),
(155, 63, 1, 125, 600.42),
(156, 63, 10, 106, 508.65),
(157, 63, 14, 126, 92.39),
(158, 64, 30, 92, 230.25),
(159, 64, 21, 53, 445.05),
(160, 64, 45, 111, 118.89),
(161, 64, 29, 147, 154.97),
(162, 65, 37, 37, 239.38),
(163, 65, 1, 132, 638.67),
(164, 66, 22, 62, 500.18),
(165, 66, 44, 197, 695.78),
(166, 66, 45, 142, 124.21),
(167, 67, 37, 13, 309.48),
(168, 68, 22, 150, 547.67),
(169, 68, 39, 160, 976.7),
(170, 69, 25, 57, 612.36),
(171, 69, 5, 141, 197.25),
(172, 69, 31, 32, 60.52),
(173, 69, 29, 168, 228.18),
(174, 70, 11, 31, 580.99),
(175, 71, 3, 181, 557.87),
(176, 71, 2, 52, 417.61),
(177, 72, 19, 57, 915.44),
(178, 72, 43, 139, 421.98),
(179, 72, 4, 99, 338.18),
(180, 72, 11, 88, 624.38),
(181, 73, 26, 45, 1186.74),
(182, 73, 9, 142, 412.31),
(183, 73, 5, 104, 248.56),
(184, 73, 14, 38, 121.31),
(185, 74, 28, 186, 787.62),
(186, 74, 11, 159, 557.56),
(187, 74, 20, 155, 528.13),
(188, 75, 18, 56, 204.36),
(189, 75, 10, 119, 467.61),
(190, 75, 26, 159, 1109.3),
(191, 75, 34, 89, 863.92),
(192, 76, 30, 123, 211.08),
(193, 76, 6, 78, 856.68),
(194, 76, 30, 93, 222.12),
(195, 76, 20, 105, 636.26),
(196, 77, 27, 68, 428.49),
(197, 77, 40, 192, 456.11),
(198, 78, 43, 51, 563.82),
(199, 78, 7, 105, 510.81),
(200, 78, 3, 66, 623.37);
INSERT INTO `purchase_order_items` (`po_item_id`, `po_id`, `product_id`, `quantity`, `unit_cost`) VALUES
(201, 78, 11, 75, 629.74),
(202, 79, 43, 22, 563.71),
(203, 79, 14, 131, 100.45),
(204, 79, 36, 36, 885.61),
(205, 80, 7, 134, 524.69),
(206, 81, 27, 120, 425.3),
(207, 81, 14, 134, 83.8),
(208, 81, 2, 23, 509.5),
(209, 82, 25, 92, 567.19),
(210, 82, 13, 106, 421.43),
(211, 82, 17, 34, 688.39),
(212, 82, 9, 88, 459.12),
(213, 83, 32, 123, 603.96),
(214, 83, 36, 173, 647.03),
(215, 83, 29, 40, 192.28),
(216, 83, 18, 46, 222.81),
(217, 84, 39, 30, 813.51),
(218, 85, 35, 194, 12.02),
(219, 86, 43, 200, 408.72),
(220, 87, 10, 117, 541.39),
(221, 87, 14, 187, 83.33),
(222, 87, 44, 141, 636.67),
(223, 88, 41, 138, 238.27),
(224, 89, 25, 181, 469.7),
(225, 90, 39, 6, 760.61),
(226, 91, 13, 68, 498.68),
(227, 91, 16, 56, 352.57),
(228, 91, 27, 12, 603.76),
(229, 91, 22, 54, 558.96),
(230, 92, 15, 29, 766.44),
(231, 93, 11, 16, 520.14),
(232, 93, 7, 88, 433.95),
(233, 94, 40, 58, 558.75),
(234, 94, 26, 114, 817.14),
(235, 95, 7, 96, 434.09),
(236, 95, 1, 107, 600.4),
(237, 96, 25, 59, 503.22),
(238, 97, 43, 76, 552.85),
(239, 98, 3, 22, 623.36),
(240, 98, 27, 82, 555.76),
(241, 98, 32, 31, 812.24),
(242, 99, 17, 29, 658.42),
(243, 99, 41, 183, 213.63),
(244, 100, 22, 49, 548.91),
(245, 100, 45, 86, 164.35),
(246, 101, 5, 90, 163.98),
(247, 101, 38, 119, 574.31),
(248, 101, 41, 194, 198.39),
(249, 101, 38, 185, 733.78),
(250, 102, 2, 162, 534.58),
(251, 102, 8, 84, 234.38),
(252, 103, 16, 163, 350.33),
(253, 103, 9, 100, 427.24),
(254, 103, 13, 43, 498.93),
(255, 103, 42, 14, 590.18),
(256, 104, 22, 39, 468.39),
(257, 104, 42, 199, 532.71),
(258, 104, 27, 170, 565.53),
(259, 104, 2, 63, 552.96),
(260, 105, 22, 67, 452.1),
(261, 105, 4, 175, 406.71),
(262, 105, 44, 183, 795.61),
(263, 106, 34, 87, 632.27),
(264, 106, 41, 6, 182.01),
(265, 106, 32, 22, 890.2),
(266, 106, 4, 167, 407.24),
(267, 107, 9, 28, 366.82),
(268, 107, 36, 57, 645.14),
(269, 108, 28, 190, 724.44),
(270, 109, 13, 67, 510.0),
(271, 109, 39, 68, 865.29),
(272, 110, 41, 56, 202.24),
(273, 110, 31, 25, 78.2),
(274, 110, 24, 106, 627.06),
(275, 110, 31, 117, 63.19),
(276, 111, 10, 128, 456.53),
(277, 111, 25, 114, 591.27),
(278, 111, 20, 157, 616.26),
(279, 111, 36, 191, 625.94),
(280, 112, 30, 83, 200.2),
(281, 112, 25, 148, 536.02),
(282, 112, 5, 90, 174.72),
(283, 112, 31, 55, 55.57),
(284, 113, 1, 8, 651.21),
(285, 113, 24, 130, 634.79),
(286, 114, 26, 195, 924.49),
(287, 114, 32, 83, 789.14),
(288, 114, 38, 23, 581.26),
(289, 114, 3, 36, 507.15),
(290, 115, 13, 200, 512.82),
(291, 115, 17, 197, 692.0),
(292, 116, 41, 181, 211.64),
(293, 116, 4, 171, 318.75),
(294, 116, 28, 193, 654.05),
(295, 116, 31, 13, 77.36),
(296, 117, 41, 185, 241.73),
(297, 117, 45, 175, 144.67),
(298, 117, 17, 159, 618.81),
(299, 118, 17, 68, 659.05),
(300, 118, 43, 46, 408.97),
(301, 119, 42, 187, 786.75),
(302, 120, 38, 25, 610.14),
(303, 120, 13, 113, 450.79),
(304, 120, 28, 69, 796.27),
(305, 120, 33, 141, 427.99),
(306, 121, 38, 83, 666.82),
(307, 121, 6, 32, 853.14),
(308, 121, 23, 41, 889.89),
(309, 121, 14, 196, 99.85),
(310, 122, 1, 48, 640.13),
(311, 122, 1, 29, 457.48),
(312, 122, 45, 111, 137.54),
(313, 123, 28, 48, 631.56),
(314, 123, 12, 185, 103.53),
(315, 123, 32, 51, 744.38),
(316, 124, 29, 150, 221.38),
(317, 125, 13, 20, 584.73),
(318, 125, 13, 71, 638.17),
(319, 126, 29, 165, 229.73),
(320, 126, 7, 167, 401.94),
(321, 126, 19, 26, 980.59),
(322, 126, 18, 21, 242.21),
(323, 127, 31, 129, 70.3),
(324, 127, 7, 7, 380.47),
(325, 128, 43, 154, 584.28),
(326, 129, 7, 59, 474.77),
(327, 130, 25, 159, 516.87);

-- vendor_invoices: 124 rows
INSERT INTO `vendor_invoices` (`vendor_invoice_id`, `po_id`, `invoice_date`, `due_date`, `amount`, `paid_amount`, `status`) VALUES
(1, 1, '2026-02-22', '2026-04-23', 209990.94, 49687.19, 'Overdue'),
(2, 2, '2026-02-08', '2026-03-10', 50508.29, 50508.29, 'Paid'),
(3, 3, '2025-03-02', '2025-05-01', 87788.0, 87788.0, 'Paid'),
(4, 4, '2025-10-24', '2025-11-23', 221814.2, 90594.15, 'Overdue'),
(5, 5, '2026-02-05', '2026-03-07', 187549.05, 187549.05, 'Paid'),
(6, 6, '2025-08-01', '2025-08-31', 49860.61, 49860.61, 'Paid'),
(7, 7, '2025-04-26', '2025-05-26', 262714.71, 179634.37, 'Pending'),
(8, 8, '2025-04-30', '2025-05-30', 81344.98, 81344.98, 'Paid'),
(9, 9, '2025-10-04', '2025-11-03', 120503.0, 120503.0, 'Paid'),
(10, 10, '2025-08-08', '2025-09-07', 248103.79, 248103.79, 'Paid'),
(11, 12, '2025-04-09', '2025-05-09', 226800.59, 83390.16, 'Pending'),
(12, 13, '2025-03-11', '2025-05-10', 316840.62, 316840.62, 'Paid'),
(13, 14, '2026-02-23', '2026-04-24', 103345.06, 103345.06, 'Paid'),
(14, 15, '2025-09-09', '2025-10-09', 126723.95, 126723.95, 'Paid'),
(15, 16, '2026-01-30', '2026-03-31', 33838.77, 33838.77, 'Paid'),
(16, 17, '2025-05-21', '2025-06-20', 231630.47, 181079.1, 'Pending'),
(17, 18, '2026-02-01', '2026-03-03', 207310.9, 207310.9, 'Paid'),
(18, 19, '2025-08-06', '2025-10-05', 271245.67, 271245.67, 'Paid'),
(19, 20, '2024-12-28', '2025-01-27', 31515.59, 31515.59, 'Paid'),
(20, 21, '2025-10-30', '2025-11-29', 173371.35, 173371.35, 'Paid'),
(21, 22, '2024-09-04', '2024-10-04', 103668.75, 44427.24, 'Overdue'),
(22, 23, '2026-05-13', '2026-06-12', 161426.7, 161426.7, 'Paid'),
(23, 24, '2025-08-29', '2025-09-28', 150124.63, 150124.63, 'Paid'),
(24, 25, '2025-06-24', '2025-07-24', 27632.99, 20054.38, 'Pending'),
(25, 26, '2025-09-15', '2025-10-15', 4128.67, 4128.67, 'Paid'),
(26, 27, '2025-06-12', '2025-07-12', 10107.4, 3848.99, 'Pending'),
(27, 28, '2025-08-19', '2025-09-18', 126772.19, 29588.82, 'Overdue'),
(28, 29, '2026-03-01', '2026-03-31', 164136.57, 39570.75, 'Overdue'),
(29, 30, '2024-11-16', '2024-12-16', 25901.22, 25901.22, 'Paid'),
(30, 31, '2026-06-02', '2026-07-02', 47928.66, 22627.36, 'Pending'),
(31, 32, '2024-08-23', '2024-09-22', 68140.95, 68140.95, 'Paid'),
(32, 33, '2024-09-20', '2024-10-20', 210224.96, 210224.96, 'Paid'),
(33, 35, '2026-01-21', '2026-02-20', 121427.0, 80115.75, 'Pending'),
(34, 36, '2025-04-08', '2025-06-07', 34544.97, 34544.97, 'Paid'),
(35, 37, '2025-07-05', '2025-08-04', 120856.04, 40523.11, 'Overdue'),
(36, 38, '2025-10-29', '2025-11-28', 334601.28, 105993.02, 'Overdue'),
(37, 39, '2024-09-13', '2024-10-13', 127604.14, 127604.14, 'Paid'),
(38, 40, '2026-02-23', '2026-03-25', 15088.94, 11453.53, 'Pending'),
(39, 41, '2026-04-11', '2026-05-11', 220772.29, 220772.29, 'Paid'),
(40, 42, '2026-04-28', '2026-05-28', 277565.38, 179246.36, 'Pending'),
(41, 43, '2025-10-15', '2025-12-14', 26285.6, 26285.6, 'Paid'),
(42, 44, '2024-07-11', '2024-09-09', 144372.02, 31542.56, 'Overdue'),
(43, 45, '2024-10-20', '2024-11-19', 10445.04, 10445.04, 'Paid'),
(44, 46, '2024-10-20', '2024-11-19', 27522.4, 27522.4, 'Paid'),
(45, 47, '2025-07-26', '2025-09-24', 27519.26, 27519.26, 'Paid'),
(46, 48, '2025-04-16', '2025-05-16', 211045.56, 211045.56, 'Paid'),
(47, 49, '2025-08-29', '2025-09-28', 12659.57, 12659.57, 'Paid'),
(48, 50, '2024-11-24', '2024-12-24', 41414.06, 31989.93, 'Pending'),
(49, 51, '2025-11-11', '2025-12-11', 107096.58, 107096.58, 'Paid'),
(50, 53, '2025-08-30', '2025-09-29', 177920.52, 177920.52, 'Paid'),
(51, 54, '2026-05-05', '2026-06-04', 456163.52, 72904.74, 'Overdue'),
(52, 55, '2025-02-15', '2025-03-17', 7467.62, 5678.04, 'Pending'),
(53, 56, '2026-05-23', '2026-06-22', 232779.37, 232779.37, 'Paid'),
(54, 57, '2025-05-18', '2025-06-17', 261371.0, 261371.0, 'Paid'),
(55, 58, '2026-06-19', '2026-07-19', 134131.7, 0.0, 'Pending'),
(56, 59, '2025-03-17', '2025-05-16', 13522.95, 13522.95, 'Paid'),
(57, 60, '2024-09-10', '2024-10-10', 9457.28, 4727.69, 'Pending'),
(58, 61, '2024-07-15', '2024-08-14', 268053.24, 268053.24, 'Paid'),
(59, 62, '2026-06-26', '2026-07-26', 53945.2, 17946.24, 'Pending'),
(60, 63, '2025-04-23', '2025-06-22', 307094.43, 307094.43, 'Paid'),
(61, 64, '2024-10-07', '2024-11-06', 80748.03, 80748.03, 'Paid'),
(62, 65, '2025-02-03', '2025-04-04', 93161.5, 93161.5, 'Paid'),
(63, 66, '2025-04-05', '2025-05-05', 185717.64, 185717.64, 'Paid'),
(64, 67, '2025-08-10', '2025-09-09', 4023.24, 4023.24, 'Paid'),
(65, 68, '2024-08-16', '2024-09-15', 238422.5, 238422.5, 'Paid'),
(66, 69, '2025-12-02', '2026-01-01', 102987.65, 102987.65, 'Paid'),
(67, 70, '2026-02-24', '2026-03-26', 18010.69, 13700.01, 'Pending'),
(68, 71, '2025-03-24', '2025-04-23', 122690.19, 122690.19, 'Paid'),
(69, 72, '2026-03-22', '2026-04-21', 199260.56, 77316.96, 'Overdue'),
(70, 73, '2026-04-02', '2026-05-02', 142411.34, 142411.34, 'Paid'),
(71, 74, '2024-12-25', '2025-02-23', 317009.51, 104494.31, 'Overdue'),
(72, 75, '2025-11-28', '2025-12-28', 320357.33, 87768.76, 'Overdue'),
(73, 76, '2025-04-21', '2025-06-20', 180248.34, 180248.34, 'Paid'),
(74, 77, '2025-02-26', '2025-03-28', 116710.44, 44216.58, 'Overdue'),
(75, 78, '2025-04-14', '2025-05-14', 170762.79, 170762.79, 'Paid'),
(76, 79, '2025-04-11', '2025-05-11', 57442.53, 57442.53, 'Paid'),
(77, 80, '2025-08-07', '2025-10-06', 70308.46, 70308.46, 'Paid'),
(78, 81, '2025-11-05', '2025-12-05', 73983.7, 73983.7, 'Paid'),
(79, 82, '2025-06-16', '2025-08-15', 160660.88, 160660.88, 'Paid'),
(80, 83, '2024-11-17', '2024-12-17', 204163.73, 127755.97, 'Pending'),
(81, 84, '2025-04-16', '2025-05-16', 24405.3, 24405.3, 'Paid'),
(82, 85, '2026-05-09', '2026-06-08', 2331.88, 2331.88, 'Paid'),
(83, 86, '2026-03-14', '2026-04-13', 81744.0, 81744.0, 'Paid'),
(84, 87, '2024-10-25', '2024-11-24', 168695.81, 168695.81, 'Paid'),
(85, 88, '2026-07-03', '2026-08-02', 32881.26, 0.0, 'Pending'),
(86, 89, '2025-11-03', '2025-12-03', 85015.7, 85015.7, 'Paid'),
(87, 90, '2024-10-09', '2024-11-08', 4563.66, 4563.66, 'Paid'),
(88, 91, '2024-08-26', '2024-10-25', 91083.12, 91083.12, 'Paid'),
(89, 92, '2024-07-20', '2024-08-19', 22226.76, 22226.76, 'Paid'),
(90, 93, '2025-12-12', '2026-01-11', 46509.84, 2233.58, 'Overdue'),
(91, 94, '2025-06-29', '2025-07-29', 125561.46, 125561.46, 'Paid'),
(92, 95, '2025-05-17', '2025-06-16', 105915.44, 105915.44, 'Paid'),
(93, 96, '2026-07-02', '2026-08-01', 29689.98, 0.0, 'Pending'),
(94, 97, '2024-09-08', '2024-10-08', 42016.6, 13171.63, 'Overdue'),
(95, 98, '2025-10-20', '2025-11-19', 84465.68, 84465.68, 'Paid'),
(96, 99, '2025-05-03', '2025-07-02', 58188.47, 58188.47, 'Paid'),
(97, 100, '2025-06-07', '2025-07-07', 41030.69, 41030.69, 'Paid'),
(98, 101, '2026-01-31', '2026-03-02', 257338.05, 257338.05, 'Paid'),
(99, 102, '2025-09-22', '2025-10-22', 106289.88, 84468.4, 'Pending'),
(100, 103, '2025-05-10', '2025-06-09', 129544.3, 93134.25, 'Pending'),
(101, 104, '2024-11-17', '2024-12-17', 255253.08, 255253.08, 'Paid'),
(102, 105, '2025-07-16', '2025-09-14', 247061.58, 247061.58, 'Paid'),
(103, 106, '2025-08-10', '2025-09-09', 143693.03, 143693.03, 'Paid'),
(104, 107, '2025-05-28', '2025-06-27', 47043.94, 47043.94, 'Paid'),
(105, 108, '2025-03-27', '2025-04-26', 137643.6, 137643.6, 'Paid'),
(106, 109, '2024-11-22', '2024-12-22', 93009.72, 93009.72, 'Paid'),
(107, 110, '2025-09-17', '2025-10-17', 87142.03, 26897.08, 'Pending'),
(108, 112, '2026-03-19', '2026-05-18', 114728.71, 40312.05, 'Overdue'),
(109, 113, '2024-12-26', '2025-02-24', 87732.38, 87732.38, 'Paid'),
(110, 114, '2025-07-04', '2025-08-03', 277400.55, 277400.55, 'Paid'),
(111, 117, '2025-04-04', '2025-06-03', 168428.09, 168428.09, 'Paid'),
(112, 118, '2026-06-16', '2026-07-16', 63628.02, 0.0, 'Pending'),
(113, 119, '2025-08-29', '2025-09-28', 147122.25, 76217.06, 'Pending'),
(114, 120, '2025-11-29', '2025-12-29', 181481.99, 181481.99, 'Paid'),
(115, 121, '2024-10-01', '2024-10-31', 138702.63, 138702.63, 'Paid'),
(116, 122, '2025-06-20', '2025-07-20', 59260.1, 19228.61, 'Pending'),
(117, 123, '2025-11-19', '2025-12-19', 87431.31, 87431.31, 'Paid'),
(118, 124, '2024-10-16', '2024-11-15', 33207.0, 33207.0, 'Paid'),
(119, 125, '2025-12-25', '2026-01-24', 57004.67, 15609.43, 'Pending'),
(120, 126, '2026-06-22', '2026-07-22', 135611.18, 0.0, 'Pending'),
(121, 127, '2026-06-22', '2026-08-21', 11731.99, 1506.16, 'Pending'),
(122, 128, '2026-01-21', '2026-02-20', 89979.12, 89979.12, 'Paid'),
(123, 129, '2025-06-07', '2025-07-07', 28011.43, 28011.43, 'Paid'),
(124, 130, '2024-09-03', '2024-10-03', 82182.33, 7051.38, 'Overdue');

-- travel_requests: 130 rows
INSERT INTO `travel_requests` (`travel_request_id`, `employee_id`, `destination_country`, `destination_city`, `trip_type`, `purpose`, `start_date`, `end_date`, `status`, `approved_by`) VALUES
(1, 37, 'USA', 'East Thomasland', 'Domestic', 'Client meeting', '2026-03-07', '2026-03-10', 'Approved', 20),
(2, 37, 'USA', 'Chloemouth', 'Domestic', 'Trade show', '2026-01-11', '2026-01-15', 'Approved', 43),
(3, 15, 'India', 'Bangalore', 'International', 'Vendor negotiation', '2026-01-25', '2026-01-29', 'Approved', 34),
(4, 20, 'USA', 'Robertport', 'Domestic', 'Team offsite', '2025-10-14', '2025-10-17', 'Approved', 7),
(5, 33, 'United Kingdom', 'London', 'International', 'Vendor negotiation', '2026-03-22', '2026-03-25', 'Approved', 10),
(6, 34, 'USA', 'Bryanfort', 'Domestic', 'Trade show', '2026-01-27', '2026-01-30', 'Approved', 39),
(7, 7, 'USA', 'Lake Veronicatown', 'Domestic', 'Team offsite', '2025-10-13', '2025-10-17', 'Approved', 2),
(8, 20, 'USA', 'East Williamview', 'Domestic', 'Vendor negotiation', '2025-09-30', '2025-10-06', 'Approved', 17),
(9, 13, 'USA', 'Joshuaview', 'Domestic', 'Training', '2025-07-06', '2025-07-09', 'Approved', 4),
(10, 3, 'USA', 'New Gregshire', 'Domestic', 'Trade show', '2026-03-26', '2026-03-31', 'Approved', 2),
(11, 7, 'Canada', 'Toronto', 'International', 'Team offsite', '2025-10-04', '2025-10-08', 'Approved', 2),
(12, 12, 'USA', 'South Henry', 'Domestic', 'Training', '2026-01-08', '2026-01-14', 'Approved', 2),
(13, 33, 'Japan', 'Tokyo', 'International', 'Client meeting', '2026-02-02', '2026-02-07', 'Approved', 25),
(14, 37, 'USA', 'Port Tyler', 'Domestic', 'Client meeting', '2026-06-27', '2026-06-29', 'Approved', 18),
(15, 18, 'Brazil', 'Sao Paulo', 'International', 'Vendor negotiation', '2026-03-22', '2026-03-27', 'Approved', 5),
(16, 21, 'Singapore', 'Singapore', 'International', 'Sales conference', '2026-05-03', '2026-05-07', 'Approved', 10),
(17, 9, 'India', 'Bangalore', 'International', 'Client meeting', '2025-07-20', '2025-07-23', 'Approved', 4),
(18, 32, 'USA', 'Rossport', 'Domestic', 'Team offsite', '2025-12-21', '2025-12-24', 'Approved', 34),
(19, 35, 'Japan', 'Tokyo', 'International', 'Trade show', '2025-11-19', '2025-11-24', 'Approved', 7),
(20, 12, 'USA', 'Dustinchester', 'Domestic', 'Trade show', '2025-07-05', '2025-07-09', 'Approved', 3),
(21, 4, 'USA', 'Reyesmouth', 'Domestic', 'Training', '2026-06-16', '2026-06-19', 'Approved', 3),
(22, 6, 'Canada', 'Toronto', 'International', 'Training', '2026-06-14', '2026-06-20', 'Approved', 4),
(23, 19, 'United Kingdom', 'London', 'International', 'Team offsite', '2025-10-30', '2025-11-05', 'Approved', 10),
(24, 5, 'Brazil', 'Sao Paulo', 'International', 'Team offsite', '2026-02-24', '2026-02-28', 'Approved', 1),
(25, 21, 'USA', 'Murraybury', 'Domestic', 'Training', '2026-03-25', '2026-03-28', 'Approved', 39),
(26, 23, 'USA', 'New Matthew', 'Domestic', 'Training', '2026-03-09', '2026-03-14', 'Approved', 23),
(27, 17, 'India', 'Bangalore', 'International', 'Vendor negotiation', '2026-03-02', '2026-03-08', 'Approved', 15),
(28, 21, 'USA', 'North Roberthaven', 'Domestic', 'Vendor negotiation', '2025-08-07', '2025-08-11', 'Approved', 27),
(29, 34, 'United Kingdom', 'London', 'International', 'Client meeting', '2025-09-30', '2025-10-02', 'Approved', 16),
(30, 6, 'USA', 'North Christineton', 'Domestic', 'Trade show', '2026-06-07', '2026-06-09', 'Approved', 3),
(31, 36, 'USA', 'New Danielle', 'Domestic', 'Team offsite', '2026-03-15', '2026-03-17', 'Approved', 28),
(32, 17, 'USA', 'North Melissaberg', 'Domestic', 'Training', '2025-11-14', '2025-11-17', 'Approved', 31),
(33, 17, 'USA', 'North Heather', 'Domestic', 'Training', '2025-10-01', '2025-10-07', 'Approved', 8),
(34, 1, 'USA', 'Guerreroland', 'Domestic', 'Team offsite', '2026-02-18', '2026-02-20', 'Approved', 4),
(35, 18, 'USA', 'Kaylamouth', 'Domestic', 'Trade show', '2025-10-02', '2025-10-05', 'Approved', 43),
(36, 22, 'USA', 'West Kimberlyfurt', 'Domestic', 'Sales conference', '2025-11-19', '2025-11-25', 'Approved', 29),
(37, 22, 'USA', 'West Stephanieview', 'Domestic', 'Sales conference', '2025-09-03', '2025-09-09', 'Approved', 15),
(38, 3, 'Germany', 'Berlin', 'International', 'Client meeting', '2026-02-08', '2026-02-14', 'Approved', 3),
(39, 14, 'USA', 'Lake Travis', 'Domestic', 'Client meeting', '2025-08-22', '2025-08-25', 'Approved', 3),
(40, 11, 'USA', 'Robinsonville', 'Domestic', 'Vendor negotiation', '2026-05-29', '2026-06-01', 'Approved', 1),
(41, 10, 'USA', 'Dakotaland', 'Domestic', 'Client meeting', '2025-07-26', '2025-07-30', 'Approved', 2),
(42, 24, 'USA', 'Kimberlytown', 'Domestic', 'Vendor negotiation', '2026-05-23', '2026-05-28', 'Approved', 14),
(43, 36, 'USA', 'Lake Danielle', 'Domestic', 'Training', '2026-06-05', '2026-06-11', 'Approved', 3),
(44, 35, 'USA', 'Adamsmouth', 'Domestic', 'Vendor negotiation', '2026-05-26', '2026-05-31', 'Approved', 4),
(45, 1, 'USA', 'New Jasminefort', 'Domestic', 'Vendor negotiation', '2025-12-22', '2025-12-26', 'Approved', 3),
(46, 4, 'Canada', 'Toronto', 'International', 'Vendor negotiation', '2026-01-13', '2026-01-16', 'Approved', 4),
(47, 1, 'India', 'Bangalore', 'International', 'Trade show', '2025-08-14', '2025-08-17', 'Approved', 1),
(48, 17, 'USA', 'Mathewport', 'Domestic', 'Training', '2025-11-23', '2025-11-28', 'Approved', 8),
(49, 1, 'Canada', 'Toronto', 'International', 'Training', '2025-07-30', '2025-08-03', 'Approved', 2),
(50, 13, 'Singapore', 'Singapore', 'International', 'Trade show', '2026-02-21', '2026-02-26', 'Approved', 2),
(51, 32, 'India', 'Bangalore', 'International', 'Sales conference', '2025-11-17', '2025-11-22', 'Approved', 11),
(52, 12, 'USA', 'West Heather', 'Domestic', 'Team offsite', '2026-05-23', '2026-05-25', 'Approved', 3),
(53, 7, 'Singapore', 'Singapore', 'International', 'Training', '2026-03-25', '2026-03-27', 'Approved', 2),
(54, 14, 'USA', 'North James', 'Domestic', 'Team offsite', '2026-03-19', '2026-03-21', 'Approved', 2),
(55, 7, 'USA', 'South Paul', 'Domestic', 'Training', '2026-04-15', '2026-04-19', 'Approved', 1),
(56, 16, 'USA', 'Victormouth', 'Domestic', 'Training', '2026-06-17', '2026-06-20', 'Approved', 21),
(57, 17, 'USA', 'North Matthewmouth', 'Domestic', 'Client meeting', '2026-04-13', '2026-04-18', 'Approved', 9),
(58, 37, 'United Kingdom', 'London', 'International', 'Vendor negotiation', '2025-12-14', '2025-12-17', 'Approved', 10),
(59, 17, 'Canada', 'Toronto', 'International', 'Team offsite', '2026-06-02', '2026-06-05', 'Approved', 4),
(60, 33, 'Brazil', 'Sao Paulo', 'International', 'Training', '2025-12-19', '2025-12-21', 'Approved', 28),
(61, 10, 'United Kingdom', 'London', 'International', 'Trade show', '2025-07-06', '2025-07-11', 'Approved', 2),
(62, 5, 'USA', 'West Loriville', 'Domestic', 'Vendor negotiation', '2025-12-14', '2025-12-17', 'Approved', 2),
(63, 25, 'Singapore', 'Singapore', 'International', 'Training', '2026-04-24', '2026-04-27', 'Approved', 43),
(64, 7, 'USA', 'North Tylerbury', 'Domestic', 'Sales conference', '2025-07-23', '2025-07-25', 'Approved', 2),
(65, 34, 'USA', 'South Matthew', 'Domestic', 'Client meeting', '2026-05-01', '2026-05-04', 'Approved', 15),
(66, 5, 'USA', 'Nguyenshire', 'Domestic', 'Sales conference', '2026-01-15', '2026-01-19', 'Approved', 2),
(67, 14, 'Germany', 'Berlin', 'International', 'Training', '2026-04-05', '2026-04-07', 'Approved', 1),
(68, 14, 'USA', 'West Bryan', 'Domestic', 'Vendor negotiation', '2025-10-08', '2025-10-11', 'Approved', 2),
(69, 14, 'USA', 'Jacksonstad', 'Domestic', 'Team offsite', '2026-01-18', '2026-01-24', 'Approved', 4),
(70, 2, 'Singapore', 'Singapore', 'International', 'Vendor negotiation', '2025-07-15', '2025-07-19', 'Approved', 3),
(71, 23, 'USA', 'Port Melaniefurt', 'Domestic', 'Sales conference', '2026-04-10', '2026-04-14', 'Approved', 4),
(72, 2, 'Canada', 'Toronto', 'International', 'Vendor negotiation', '2025-09-04', '2025-09-08', 'Approved', 2),
(73, 16, 'Brazil', 'Sao Paulo', 'International', 'Sales conference', '2025-11-29', '2025-12-01', 'Approved', 28),
(74, 9, 'USA', 'Schwartzborough', 'Domestic', 'Vendor negotiation', '2025-08-22', '2025-08-26', 'Approved', 3),
(75, 4, 'United Kingdom', 'London', 'International', 'Vendor negotiation', '2025-09-26', '2025-10-02', 'Approved', 2),
(76, 12, 'USA', 'New Heather', 'Domestic', 'Sales conference', '2026-02-03', '2026-02-07', 'Approved', 3),
(77, 21, 'Brazil', 'Sao Paulo', 'International', 'Client meeting', '2026-02-14', '2026-02-19', 'Approved', 6),
(78, 5, 'USA', 'Michaeltown', 'Domestic', 'Client meeting', '2026-01-20', '2026-01-26', 'Approved', 1),
(79, 19, 'USA', 'North Valerie', 'Domestic', 'Team offsite', '2026-06-21', '2026-06-24', 'Approved', 13),
(80, 15, 'USA', 'Michelleside', 'Domestic', 'Trade show', '2026-01-01', '2026-01-03', 'Approved', 35),
(81, 11, 'India', 'Bangalore', 'International', 'Client meeting', '2025-10-09', '2025-10-12', 'Approved', 2),
(82, 5, 'Brazil', 'Sao Paulo', 'International', 'Vendor negotiation', '2026-03-07', '2026-03-11', 'Approved', 3),
(83, 15, 'USA', 'Jimenezburgh', 'Domestic', 'Client meeting', '2026-03-01', '2026-03-03', 'Approved', 28),
(84, 16, 'USA', 'North Deannaport', 'Domestic', 'Sales conference', '2025-09-15', '2025-09-21', 'Approved', 2),
(85, 20, 'Germany', 'Berlin', 'International', 'Trade show', '2025-07-16', '2025-07-20', 'Approved', 3),
(86, 2, 'USA', 'New Gregorytown', 'Domestic', 'Training', '2025-12-24', '2025-12-27', 'Approved', 4),
(87, 22, 'USA', 'North Pattymouth', 'Domestic', 'Sales conference', '2026-02-01', '2026-02-07', 'Approved', 5),
(88, 15, 'USA', 'Robertmouth', 'Domestic', 'Training', '2025-09-22', '2025-09-27', 'Approved', 36),
(89, 13, 'USA', 'West Jeremybury', 'Domestic', 'Client meeting', '2026-03-26', '2026-03-29', 'Approved', 2),
(90, 6, 'USA', 'South Patricia', 'Domestic', 'Trade show', '2025-07-27', '2025-08-02', 'Approved', 1),
(91, 15, 'USA', 'Brownchester', 'Domestic', 'Vendor negotiation', '2025-08-22', '2025-08-28', 'Approved', 17),
(92, 34, 'Canada', 'Toronto', 'International', 'Client meeting', '2025-08-19', '2025-08-23', 'Approved', 36),
(93, 6, 'Brazil', 'Sao Paulo', 'International', 'Client meeting', '2025-10-07', '2025-10-10', 'Approved', 3),
(94, 21, 'Singapore', 'Singapore', 'International', 'Client meeting', '2025-07-22', '2025-07-25', 'Approved', 18),
(95, 21, 'USA', 'North Melissa', 'Domestic', 'Client meeting', '2025-12-14', '2025-12-17', 'Approved', 35),
(96, 1, 'USA', 'Port Matthew', 'Domestic', 'Vendor negotiation', '2026-05-19', '2026-05-25', 'Approved', 3),
(97, 3, 'USA', 'Port Laura', 'Domestic', 'Team offsite', '2026-06-12', '2026-06-18', 'Approved', 3),
(98, 5, 'USA', 'New Tara', 'Domestic', 'Vendor negotiation', '2026-05-08', '2026-05-14', 'Approved', 3),
(99, 2, 'USA', 'South Melodyfort', 'Domestic', 'Sales conference', '2026-05-10', '2026-05-12', 'Approved', 3),
(100, 24, 'USA', 'New Thomas', 'Domestic', 'Client meeting', '2025-12-16', '2025-12-19', 'Approved', 17),
(101, 18, 'USA', 'Lake Ronniebury', 'Domestic', 'Team offsite', '2025-09-29', '2025-10-05', 'Approved', 7),
(102, 24, 'USA', 'Rileyshire', 'Domestic', 'Team offsite', '2026-06-10', '2026-06-14', 'Approved', 41),
(103, 20, 'USA', 'South Tinaton', 'Domestic', 'Vendor negotiation', '2026-06-26', '2026-07-01', 'Approved', 15),
(104, 9, 'Canada', 'Toronto', 'International', 'Training', '2026-04-21', '2026-04-26', 'Approved', 2),
(105, 8, 'USA', 'South Tylerland', 'Domestic', 'Sales conference', '2026-01-20', '2026-01-25', 'Approved', 3),
(106, 35, 'USA', 'Lake Jessicaborough', 'Domestic', 'Training', '2025-08-18', '2025-08-23', 'Approved', 12),
(107, 6, 'USA', 'Johnland', 'Domestic', 'Trade show', '2025-07-06', '2025-07-09', 'Approved', 2),
(108, 16, 'USA', 'Evanmouth', 'Domestic', 'Vendor negotiation', '2026-05-09', '2026-05-12', 'Approved', 42),
(109, 1, 'Germany', 'Berlin', 'International', 'Client meeting', '2026-05-15', '2026-05-20', 'Approved', 2),
(110, 5, 'Germany', 'Berlin', 'International', 'Client meeting', '2026-02-14', '2026-02-19', 'Approved', 4),
(111, 24, 'USA', 'Port Courtneyfurt', 'Domestic', 'Client meeting', '2026-05-22', '2026-05-24', 'Approved', 39),
(112, 13, 'United Kingdom', 'London', 'International', 'Sales conference', '2025-12-03', '2025-12-05', 'Approved', 1),
(113, 8, 'USA', 'Helenside', 'Domestic', 'Team offsite', '2026-01-26', '2026-01-30', 'Approved', 2),
(114, 20, 'United Kingdom', 'London', 'International', 'Team offsite', '2026-02-11', '2026-02-13', 'Approved', 35),
(115, 33, 'Canada', 'Toronto', 'International', 'Sales conference', '2026-01-04', '2026-01-06', 'Approved', 13),
(116, 16, 'USA', 'Pamelaville', 'Domestic', 'Vendor negotiation', '2025-11-17', '2025-11-22', 'Approved', 11),
(117, 11, 'USA', 'Harveystad', 'Domestic', 'Trade show', '2025-11-11', '2025-11-14', 'Approved', 1),
(118, 23, 'Brazil', 'Sao Paulo', 'International', 'Client meeting', '2025-08-20', '2025-08-22', 'Approved', 2),
(119, 4, 'USA', 'Johnville', 'Domestic', 'Sales conference', '2026-02-22', '2026-02-24', 'Approved', 4),
(120, 1, 'USA', 'Port Julie', 'Domestic', 'Training', '2025-09-21', '2025-09-23', 'Approved', 2),
(121, 13, 'Canada', 'Toronto', 'International', 'Team offsite', '2026-03-05', '2026-03-09', 'Approved', 2),
(122, 13, 'USA', 'Brianstad', 'Domestic', 'Sales conference', '2025-11-03', '2025-11-05', 'Approved', 4),
(123, 4, 'Singapore', 'Singapore', 'International', 'Trade show', '2025-12-19', '2025-12-23', 'Approved', 1),
(124, 11, 'United Kingdom', 'London', 'International', 'Sales conference', '2026-04-18', '2026-04-20', 'Approved', 2),
(125, 14, 'USA', 'East Patriciamouth', 'Domestic', 'Team offsite', '2025-08-01', '2025-08-07', 'Approved', 2),
(126, 14, 'Canada', 'Toronto', 'International', 'Vendor negotiation', '2026-06-14', '2026-06-18', 'Approved', 3),
(127, 35, 'India', 'Bangalore', 'International', 'Team offsite', '2026-03-11', '2026-03-15', 'Approved', 17),
(128, 32, 'United Kingdom', 'London', 'International', 'Sales conference', '2026-01-06', '2026-01-09', 'Approved', 42),
(129, 11, 'India', 'Bangalore', 'International', 'Client meeting', '2026-06-05', '2026-06-10', 'Approved', 1),
(130, 19, 'USA', 'Reedmouth', 'Domestic', 'Client meeting', '2026-03-26', '2026-03-30', 'Approved', 10);

-- travel_expenses: 1217 rows
INSERT INTO `travel_expenses` (`expense_id`, `travel_request_id`, `expense_date`, `expense_type`, `amount`, `currency`, `receipt_provided`, `notes`) VALUES
(1, 1, '2026-03-07', 'Hotel', 147.65, 'USD', 1, NULL),
(2, 1, '2026-03-07', 'Meals', 96.79, 'USD', 1, NULL),
(3, 1, '2026-03-08', 'Hotel', 314.96, 'USD', 1, NULL),
(4, 1, '2026-03-08', 'Meals', 85.51, 'USD', 1, NULL),
(5, 1, '2026-03-09', 'Hotel', 237.53, 'USD', 1, NULL),
(6, 1, '2026-03-09', 'Meals', 47.91, 'USD', 1, NULL),
(7, 1, '2026-03-07', 'Airfare', 380.11, 'USD', 1, NULL),
(8, 1, '2026-03-07', 'Ground Transport', 52.98, 'USD', 1, NULL),
(9, 2, '2026-01-11', 'Hotel', 168.44, 'USD', 1, NULL),
(10, 2, '2026-01-11', 'Meals', 35.72, 'USD', 1, NULL),
(11, 2, '2026-01-12', 'Hotel', 161.65, 'USD', 1, NULL),
(12, 2, '2026-01-12', 'Meals', 55.28, 'USD', 1, NULL),
(13, 2, '2026-01-13', 'Hotel', 167.62, 'USD', 1, NULL),
(14, 2, '2026-01-13', 'Meals', 48.63, 'USD', 1, NULL),
(15, 2, '2026-01-14', 'Hotel', 165.26, 'USD', 1, NULL),
(16, 2, '2026-01-14', 'Meals', 39.07, 'USD', 1, NULL),
(17, 2, '2026-01-11', 'Airfare', 305.58, 'USD', 1, NULL),
(18, 3, '2026-01-25', 'Hotel', 257.58, 'USD', 1, NULL),
(19, 3, '2026-01-25', 'Meals', 113.27, 'USD', 1, NULL),
(20, 3, '2026-01-26', 'Hotel', 340.51, 'USD', 1, NULL),
(21, 3, '2026-01-26', 'Meals', 121.76, 'USD', 1, NULL),
(22, 3, '2026-01-27', 'Hotel', 339.65, 'USD', 1, NULL),
(23, 3, '2026-01-27', 'Meals', 118.07, 'USD', 1, NULL),
(24, 3, '2026-01-28', 'Hotel', 336.02, 'USD', 1, NULL),
(25, 3, '2026-01-28', 'Meals', 67.07, 'USD', 1, NULL),
(26, 3, '2026-01-25', 'Airfare', 606.7, 'USD', 1, NULL),
(27, 3, '2026-01-28', 'Ground Transport', 59.48, 'USD', 1, NULL),
(28, 4, '2025-10-14', 'Hotel', 189.77, 'USD', 1, NULL),
(29, 4, '2025-10-14', 'Meals', 47.18, 'USD', 1, NULL),
(30, 4, '2025-10-15', 'Hotel', 165.42, 'USD', 1, NULL),
(31, 4, '2025-10-15', 'Meals', 60.96, 'USD', 1, NULL),
(32, 4, '2025-10-16', 'Hotel', 198.68, 'USD', 1, NULL),
(33, 4, '2025-10-16', 'Meals', 38.7, 'USD', 1, NULL),
(34, 4, '2025-10-14', 'Airfare', 379.8, 'USD', 1, NULL),
(35, 4, '2025-10-14', 'Ground Transport', 93.33, 'USD', 1, NULL),
(36, 5, '2026-03-22', 'Hotel', 235.35, 'USD', 1, NULL),
(37, 5, '2026-03-22', 'Meals', 67.05, 'USD', 1, NULL),
(38, 5, '2026-03-23', 'Hotel', 209.85, 'USD', 1, NULL),
(39, 5, '2026-03-23', 'Meals', 67.23, 'USD', 1, NULL),
(40, 5, '2026-03-24', 'Hotel', 205.11, 'USD', 1, NULL),
(41, 5, '2026-03-24', 'Meals', 65.57, 'USD', 1, NULL),
(42, 5, '2026-03-22', 'Airfare', 432.86, 'USD', 1, NULL),
(43, 5, '2026-03-24', 'Ground Transport', 71.86, 'USD', 0, NULL),
(44, 6, '2026-01-27', 'Hotel', 248.16, 'USD', 1, NULL),
(45, 6, '2026-01-27', 'Meals', 86.32, 'USD', 0, NULL),
(46, 6, '2026-01-28', 'Hotel', 234.32, 'USD', 1, NULL),
(47, 6, '2026-01-28', 'Meals', 41.53, 'USD', 1, NULL),
(48, 6, '2026-01-29', 'Hotel', 258.3, 'USD', 1, NULL),
(49, 6, '2026-01-29', 'Meals', 89.04, 'USD', 1, NULL),
(50, 6, '2026-01-27', 'Airfare', 874.45, 'USD', 1, NULL),
(51, 6, '2026-01-27', 'Ground Transport', 67.73, 'USD', 1, NULL),
(52, 7, '2025-10-13', 'Hotel', 162.93, 'USD', 1, NULL),
(53, 7, '2025-10-13', 'Meals', 57.42, 'USD', 1, NULL),
(54, 7, '2025-10-14', 'Hotel', 149.09, 'USD', 1, NULL),
(55, 7, '2025-10-14', 'Meals', 58.39, 'USD', 0, NULL),
(56, 7, '2025-10-15', 'Hotel', 183.11, 'USD', 1, NULL),
(57, 7, '2025-10-15', 'Meals', 56.12, 'USD', 1, NULL),
(58, 7, '2025-10-16', 'Hotel', 186.13, 'USD', 1, NULL),
(59, 7, '2025-10-16', 'Meals', 60.69, 'USD', 1, NULL),
(60, 7, '2025-10-13', 'Airfare', 751.97, 'USD', 1, NULL),
(61, 8, '2025-09-30', 'Hotel', 160.48, 'USD', 1, NULL),
(62, 8, '2025-09-30', 'Meals', 42.42, 'USD', 1, NULL),
(63, 8, '2025-10-01', 'Hotel', 191.36, 'USD', 1, NULL),
(64, 8, '2025-10-01', 'Meals', 58.55, 'USD', 1, NULL),
(65, 8, '2025-10-02', 'Hotel', 163.26, 'USD', 1, NULL),
(66, 8, '2025-10-02', 'Meals', 50.35, 'USD', 0, NULL),
(67, 8, '2025-10-03', 'Hotel', 149.14, 'USD', 1, NULL),
(68, 8, '2025-10-03', 'Meals', 47.05, 'USD', 1, NULL),
(69, 8, '2025-10-04', 'Hotel', 148.56, 'USD', 1, NULL),
(70, 8, '2025-10-04', 'Meals', 48.5, 'USD', 1, NULL),
(71, 8, '2025-10-05', 'Hotel', 186.89, 'USD', 1, NULL),
(72, 8, '2025-10-05', 'Meals', 35.25, 'USD', 1, NULL),
(73, 8, '2025-09-30', 'Airfare', 901.86, 'USD', 1, NULL),
(74, 8, '2025-09-30', 'Ground Transport', 44.41, 'USD', 1, NULL),
(75, 9, '2025-07-06', 'Hotel', 318.75, 'USD', 1, NULL),
(76, 9, '2025-07-06', 'Meals', 95.53, 'USD', 1, NULL),
(77, 9, '2025-07-07', 'Hotel', 262.71, 'USD', 1, NULL),
(78, 9, '2025-07-07', 'Meals', 44.46, 'USD', 1, NULL),
(79, 9, '2025-07-08', 'Hotel', 286.22, 'USD', 1, NULL),
(80, 9, '2025-07-08', 'Meals', 83.2, 'USD', 1, NULL),
(81, 9, '2025-07-06', 'Airfare', 943.61, 'USD', 1, NULL),
(82, 9, '2025-07-06', 'Ground Transport', 117.63, 'USD', 0, NULL),
(83, 10, '2026-03-26', 'Hotel', 173.65, 'USD', 1, NULL),
(84, 10, '2026-03-26', 'Meals', 35.58, 'USD', 1, NULL),
(85, 10, '2026-03-27', 'Hotel', 174.21, 'USD', 1, NULL),
(86, 10, '2026-03-27', 'Meals', 39.02, 'USD', 1, NULL),
(87, 10, '2026-03-28', 'Hotel', 180.15, 'USD', 1, NULL),
(88, 10, '2026-03-28', 'Meals', 46.2, 'USD', 1, NULL),
(89, 10, '2026-03-29', 'Hotel', 189.1, 'USD', 1, NULL),
(90, 10, '2026-03-29', 'Meals', 37.77, 'USD', 1, NULL),
(91, 10, '2026-03-30', 'Hotel', 197.57, 'USD', 1, NULL),
(92, 10, '2026-03-30', 'Meals', 45.17, 'USD', 1, NULL),
(93, 10, '2026-03-26', 'Airfare', 267.06, 'USD', 1, NULL),
(94, 10, '2026-03-29', 'Ground Transport', 78.46, 'USD', 1, NULL),
(95, 11, '2025-10-04', 'Hotel', 441.52, 'USD', 1, NULL),
(96, 11, '2025-10-04', 'Meals', 50.67, 'USD', 1, NULL),
(97, 11, '2025-10-05', 'Hotel', 423.88, 'USD', 1, NULL),
(98, 11, '2025-10-05', 'Meals', 100.69, 'USD', 0, NULL),
(99, 11, '2025-10-06', 'Hotel', 353.76, 'USD', 1, NULL),
(100, 11, '2025-10-06', 'Meals', 96.28, 'USD', 1, NULL),
(101, 11, '2025-10-07', 'Hotel', 348.98, 'USD', 1, NULL),
(102, 11, '2025-10-07', 'Meals', 123.93, 'USD', 1, NULL),
(103, 11, '2025-10-04', 'Airfare', 1661.86, 'USD', 1, NULL),
(104, 11, '2025-10-07', 'Ground Transport', 35.85, 'USD', 1, NULL),
(105, 12, '2026-01-08', 'Hotel', 181.33, 'USD', 1, NULL),
(106, 12, '2026-01-08', 'Meals', 52.88, 'USD', 1, NULL),
(107, 12, '2026-01-09', 'Hotel', 181.57, 'USD', 1, NULL),
(108, 12, '2026-01-09', 'Meals', 32.79, 'USD', 1, NULL),
(109, 12, '2026-01-10', 'Hotel', 175.83, 'USD', 1, NULL),
(110, 12, '2026-01-10', 'Meals', 52.04, 'USD', 1, NULL),
(111, 12, '2026-01-11', 'Hotel', 159.42, 'USD', 1, NULL),
(112, 12, '2026-01-11', 'Meals', 59.96, 'USD', 1, NULL),
(113, 12, '2026-01-12', 'Hotel', 184.2, 'USD', 1, NULL),
(114, 12, '2026-01-12', 'Meals', 36.9, 'USD', 1, NULL),
(115, 12, '2026-01-13', 'Hotel', 148.85, 'USD', 1, NULL),
(116, 12, '2026-01-13', 'Meals', 35.82, 'USD', 1, NULL),
(117, 12, '2026-01-08', 'Airfare', 516.66, 'USD', 1, NULL),
(118, 12, '2026-01-11', 'Ground Transport', 15.39, 'USD', 1, NULL),
(119, 13, '2026-02-02', 'Hotel', 268.01, 'USD', 1, NULL),
(120, 13, '2026-02-02', 'Meals', 66.94, 'USD', 1, NULL),
(121, 13, '2026-02-03', 'Hotel', 199.06, 'USD', 1, NULL),
(122, 13, '2026-02-03', 'Meals', 49.68, 'USD', 1, NULL),
(123, 13, '2026-02-04', 'Hotel', 261.05, 'USD', 1, NULL),
(124, 13, '2026-02-04', 'Meals', 50.77, 'USD', 1, NULL),
(125, 13, '2026-02-05', 'Hotel', 212.06, 'USD', 1, NULL),
(126, 13, '2026-02-05', 'Meals', 79.03, 'USD', 1, NULL),
(127, 13, '2026-02-06', 'Hotel', 226.56, 'USD', 1, NULL),
(128, 13, '2026-02-06', 'Meals', 54.24, 'USD', 1, NULL),
(129, 13, '2026-02-02', 'Airfare', 559.92, 'USD', 1, NULL),
(130, 13, '2026-02-04', 'Ground Transport', 119.9, 'USD', 1, NULL),
(131, 14, '2026-06-27', 'Hotel', 172.55, 'USD', 1, NULL),
(132, 14, '2026-06-27', 'Meals', 54.88, 'USD', 1, NULL),
(133, 14, '2026-06-28', 'Hotel', 150.55, 'USD', 1, NULL),
(134, 14, '2026-06-28', 'Meals', 37.67, 'USD', 1, NULL),
(135, 14, '2026-06-27', 'Airfare', 616.22, 'USD', 1, NULL),
(136, 14, '2026-06-28', 'Ground Transport', 103.73, 'USD', 1, NULL),
(137, 15, '2026-03-22', 'Hotel', 254.98, 'USD', 1, NULL),
(138, 15, '2026-03-22', 'Meals', 77.15, 'USD', 0, NULL),
(139, 15, '2026-03-23', 'Hotel', 203.36, 'USD', 1, NULL),
(140, 15, '2026-03-23', 'Meals', 45.93, 'USD', 0, NULL),
(141, 15, '2026-03-24', 'Hotel', 274.33, 'USD', 1, NULL),
(142, 15, '2026-03-24', 'Meals', 71.19, 'USD', 1, NULL),
(143, 15, '2026-03-25', 'Hotel', 241.76, 'USD', 1, NULL),
(144, 15, '2026-03-25', 'Meals', 61.75, 'USD', 1, NULL),
(145, 15, '2026-03-26', 'Hotel', 252.09, 'USD', 1, NULL),
(146, 15, '2026-03-26', 'Meals', 50.6, 'USD', 1, NULL),
(147, 15, '2026-03-22', 'Airfare', 1120.79, 'USD', 1, NULL),
(148, 15, '2026-03-24', 'Ground Transport', 104.92, 'USD', 1, NULL),
(149, 16, '2026-05-03', 'Hotel', 272.78, 'USD', 1, NULL),
(150, 16, '2026-05-03', 'Meals', 73.88, 'USD', 1, NULL),
(151, 16, '2026-05-04', 'Hotel', 258.26, 'USD', 0, NULL),
(152, 16, '2026-05-04', 'Meals', 56.83, 'USD', 1, NULL),
(153, 16, '2026-05-05', 'Hotel', 219.82, 'USD', 1, NULL),
(154, 16, '2026-05-05', 'Meals', 52.62, 'USD', 1, NULL),
(155, 16, '2026-05-06', 'Hotel', 262.79, 'USD', 1, NULL),
(156, 16, '2026-05-06', 'Meals', 51.74, 'USD', 1, NULL),
(157, 16, '2026-05-03', 'Airfare', 940.73, 'USD', 1, NULL),
(158, 16, '2026-05-05', 'Ground Transport', 31.1, 'USD', 1, NULL),
(159, 17, '2025-07-20', 'Hotel', 276.57, 'USD', 1, NULL),
(160, 17, '2025-07-20', 'Meals', 115.41, 'USD', 1, NULL),
(161, 17, '2025-07-21', 'Hotel', 338.24, 'USD', 1, NULL),
(162, 17, '2025-07-21', 'Meals', 124.24, 'USD', 1, NULL),
(163, 17, '2025-07-22', 'Hotel', 422.95, 'USD', 1, NULL),
(164, 17, '2025-07-22', 'Meals', 66.65, 'USD', 1, NULL),
(165, 17, '2025-07-20', 'Airfare', 1220.3, 'USD', 1, NULL),
(166, 17, '2025-07-20', 'Ground Transport', 73.06, 'USD', 1, NULL),
(167, 18, '2025-12-21', 'Hotel', 299.3, 'USD', 1, NULL),
(168, 18, '2025-12-21', 'Meals', 96.78, 'USD', 1, NULL),
(169, 18, '2025-12-22', 'Hotel', 141.52, 'USD', 1, NULL),
(170, 18, '2025-12-22', 'Meals', 51.06, 'USD', 1, NULL),
(171, 18, '2025-12-23', 'Hotel', 247.44, 'USD', 1, NULL),
(172, 18, '2025-12-23', 'Meals', 53.74, 'USD', 1, NULL),
(173, 18, '2025-12-21', 'Airfare', 410.15, 'USD', 1, NULL),
(174, 18, '2025-12-21', 'Ground Transport', 23.71, 'USD', 1, NULL),
(175, 19, '2025-11-19', 'Hotel', 249.62, 'USD', 1, NULL),
(176, 19, '2025-11-19', 'Meals', 46.46, 'USD', 1, NULL),
(177, 19, '2025-11-20', 'Hotel', 246.06, 'USD', 1, NULL),
(178, 19, '2025-11-20', 'Meals', 53.3, 'USD', 1, NULL),
(179, 19, '2025-11-21', 'Hotel', 203.79, 'USD', 1, NULL),
(180, 19, '2025-11-21', 'Meals', 56.32, 'USD', 1, NULL),
(181, 19, '2025-11-22', 'Hotel', 228.83, 'USD', 1, NULL),
(182, 19, '2025-11-22', 'Meals', 43.34, 'USD', 0, NULL),
(183, 19, '2025-11-23', 'Hotel', 276.57, 'USD', 1, NULL),
(184, 19, '2025-11-23', 'Meals', 68.79, 'USD', 1, NULL),
(185, 19, '2025-11-19', 'Airfare', 808.05, 'USD', 1, NULL),
(186, 20, '2025-07-05', 'Hotel', 150.79, 'USD', 0, NULL),
(187, 20, '2025-07-05', 'Meals', 37.73, 'USD', 1, NULL),
(188, 20, '2025-07-06', 'Hotel', 176.4, 'USD', 0, NULL),
(189, 20, '2025-07-06', 'Meals', 61.05, 'USD', 1, NULL),
(190, 20, '2025-07-07', 'Hotel', 169.03, 'USD', 1, NULL),
(191, 20, '2025-07-07', 'Meals', 48.48, 'USD', 1, NULL),
(192, 20, '2025-07-08', 'Hotel', 184.5, 'USD', 1, NULL),
(193, 20, '2025-07-08', 'Meals', 38.14, 'USD', 0, NULL),
(194, 20, '2025-07-05', 'Airfare', 236.82, 'USD', 1, NULL),
(195, 20, '2025-07-05', 'Ground Transport', 31.0, 'USD', 1, NULL),
(196, 21, '2026-06-16', 'Hotel', 141.77, 'USD', 1, NULL),
(197, 21, '2026-06-16', 'Meals', 34.94, 'USD', 1, NULL),
(198, 21, '2026-06-17', 'Hotel', 147.59, 'USD', 1, NULL),
(199, 21, '2026-06-17', 'Meals', 38.33, 'USD', 0, NULL),
(200, 21, '2026-06-18', 'Hotel', 182.49, 'USD', 1, NULL);
INSERT INTO `travel_expenses` (`expense_id`, `travel_request_id`, `expense_date`, `expense_type`, `amount`, `currency`, `receipt_provided`, `notes`) VALUES
(201, 21, '2026-06-18', 'Meals', 46.16, 'USD', 1, NULL),
(202, 21, '2026-06-16', 'Airfare', 538.33, 'USD', 1, NULL),
(203, 22, '2026-06-14', 'Hotel', 217.01, 'USD', 1, NULL),
(204, 22, '2026-06-14', 'Meals', 74.86, 'USD', 1, NULL),
(205, 22, '2026-06-15', 'Hotel', 276.8, 'USD', 1, NULL),
(206, 22, '2026-06-15', 'Meals', 72.84, 'USD', 1, NULL),
(207, 22, '2026-06-16', 'Hotel', 209.91, 'USD', 1, NULL),
(208, 22, '2026-06-16', 'Meals', 70.12, 'USD', 1, NULL),
(209, 22, '2026-06-17', 'Hotel', 233.48, 'USD', 1, NULL),
(210, 22, '2026-06-17', 'Meals', 52.89, 'USD', 1, NULL),
(211, 22, '2026-06-18', 'Hotel', 205.03, 'USD', 1, NULL),
(212, 22, '2026-06-18', 'Meals', 50.14, 'USD', 1, NULL),
(213, 22, '2026-06-19', 'Hotel', 271.42, 'USD', 1, NULL),
(214, 22, '2026-06-19', 'Meals', 59.69, 'USD', 1, NULL),
(215, 22, '2026-06-14', 'Airfare', 1654.94, 'USD', 1, NULL),
(216, 22, '2026-06-19', 'Ground Transport', 58.03, 'USD', 1, NULL),
(217, 23, '2025-10-30', 'Hotel', 240.56, 'USD', 1, NULL),
(218, 23, '2025-10-30', 'Meals', 46.89, 'USD', 1, NULL),
(219, 23, '2025-10-31', 'Hotel', 232.07, 'USD', 1, NULL),
(220, 23, '2025-10-31', 'Meals', 51.88, 'USD', 1, NULL),
(221, 23, '2025-11-01', 'Hotel', 227.22, 'USD', 1, NULL),
(222, 23, '2025-11-01', 'Meals', 54.53, 'USD', 0, NULL),
(223, 23, '2025-11-02', 'Hotel', 253.82, 'USD', 1, NULL),
(224, 23, '2025-11-02', 'Meals', 50.68, 'USD', 1, NULL),
(225, 23, '2025-11-03', 'Hotel', 223.01, 'USD', 1, NULL),
(226, 23, '2025-11-03', 'Meals', 45.03, 'USD', 1, NULL),
(227, 23, '2025-11-04', 'Hotel', 213.82, 'USD', 1, NULL),
(228, 23, '2025-11-04', 'Meals', 63.96, 'USD', 1, NULL),
(229, 23, '2025-10-30', 'Airfare', 1639.4, 'USD', 1, NULL),
(230, 24, '2026-02-24', 'Hotel', 244.21, 'USD', 1, NULL),
(231, 24, '2026-02-24', 'Meals', 68.59, 'USD', 1, NULL),
(232, 24, '2026-02-25', 'Hotel', 264.33, 'USD', 1, NULL),
(233, 24, '2026-02-25', 'Meals', 44.4, 'USD', 1, NULL),
(234, 24, '2026-02-26', 'Hotel', 199.93, 'USD', 1, NULL),
(235, 24, '2026-02-26', 'Meals', 47.06, 'USD', 1, NULL),
(236, 24, '2026-02-27', 'Hotel', 246.52, 'USD', 1, NULL),
(237, 24, '2026-02-27', 'Meals', 51.54, 'USD', 0, NULL),
(238, 24, '2026-02-24', 'Airfare', 419.44, 'USD', 1, NULL),
(239, 25, '2026-03-25', 'Hotel', 140.28, 'USD', 1, NULL),
(240, 25, '2026-03-25', 'Meals', 36.33, 'USD', 1, NULL),
(241, 25, '2026-03-26', 'Hotel', 142.22, 'USD', 1, NULL),
(242, 25, '2026-03-26', 'Meals', 47.93, 'USD', 1, NULL),
(243, 25, '2026-03-27', 'Hotel', 140.98, 'USD', 1, NULL),
(244, 25, '2026-03-27', 'Meals', 56.77, 'USD', 1, NULL),
(245, 25, '2026-03-25', 'Airfare', 439.73, 'USD', 1, NULL),
(246, 25, '2026-03-26', 'Ground Transport', 51.31, 'USD', 0, NULL),
(247, 26, '2026-03-09', 'Hotel', 142.82, 'USD', 1, NULL),
(248, 26, '2026-03-09', 'Meals', 61.28, 'USD', 1, NULL),
(249, 26, '2026-03-10', 'Hotel', 178.47, 'USD', 1, NULL),
(250, 26, '2026-03-10', 'Meals', 57.16, 'USD', 1, NULL),
(251, 26, '2026-03-11', 'Hotel', 146.16, 'USD', 1, NULL),
(252, 26, '2026-03-11', 'Meals', 56.64, 'USD', 1, NULL),
(253, 26, '2026-03-12', 'Hotel', 199.61, 'USD', 1, NULL),
(254, 26, '2026-03-12', 'Meals', 53.68, 'USD', 1, NULL),
(255, 26, '2026-03-13', 'Hotel', 145.28, 'USD', 1, NULL),
(256, 26, '2026-03-13', 'Meals', 56.26, 'USD', 1, NULL),
(257, 26, '2026-03-09', 'Airfare', 612.42, 'USD', 1, NULL),
(258, 26, '2026-03-09', 'Ground Transport', 87.27, 'USD', 0, NULL),
(259, 27, '2026-03-02', 'Hotel', 363.5, 'USD', 1, NULL),
(260, 27, '2026-03-02', 'Meals', 99.29, 'USD', 1, NULL),
(261, 27, '2026-03-03', 'Hotel', 430.6, 'USD', 1, NULL),
(262, 27, '2026-03-03', 'Meals', 76.46, 'USD', 1, NULL),
(263, 27, '2026-03-04', 'Hotel', 388.48, 'USD', 1, NULL),
(264, 27, '2026-03-04', 'Meals', 67.79, 'USD', 1, NULL),
(265, 27, '2026-03-05', 'Hotel', 355.24, 'USD', 1, NULL),
(266, 27, '2026-03-05', 'Meals', 45.67, 'USD', 1, NULL),
(267, 27, '2026-03-06', 'Hotel', 251.4, 'USD', 1, NULL),
(268, 27, '2026-03-06', 'Meals', 45.48, 'USD', 0, NULL),
(269, 27, '2026-03-07', 'Hotel', 425.13, 'USD', 1, NULL),
(270, 27, '2026-03-07', 'Meals', 113.58, 'USD', 1, NULL),
(271, 27, '2026-03-02', 'Airfare', 1524.01, 'USD', 1, NULL),
(272, 28, '2025-08-07', 'Hotel', 275.41, 'USD', 1, NULL),
(273, 28, '2025-08-07', 'Meals', 96.85, 'USD', 1, NULL),
(274, 28, '2025-08-08', 'Hotel', 170.81, 'USD', 1, NULL),
(275, 28, '2025-08-08', 'Meals', 79.49, 'USD', 1, NULL),
(276, 28, '2025-08-09', 'Hotel', 308.86, 'USD', 1, NULL),
(277, 28, '2025-08-09', 'Meals', 39.54, 'USD', 1, NULL),
(278, 28, '2025-08-10', 'Hotel', 141.72, 'USD', 1, NULL),
(279, 28, '2025-08-10', 'Meals', 40.27, 'USD', 0, NULL),
(280, 28, '2025-08-07', 'Airfare', 534.98, 'USD', 1, NULL),
(281, 28, '2025-08-07', 'Ground Transport', 67.73, 'USD', 1, NULL),
(282, 29, '2025-09-30', 'Hotel', 227.06, 'USD', 0, NULL),
(283, 29, '2025-09-30', 'Meals', 57.13, 'USD', 1, NULL),
(284, 29, '2025-10-01', 'Hotel', 212.29, 'USD', 1, NULL),
(285, 29, '2025-10-01', 'Meals', 49.26, 'USD', 1, NULL),
(286, 29, '2025-09-30', 'Airfare', 1194.19, 'USD', 1, NULL),
(287, 29, '2025-09-30', 'Ground Transport', 26.46, 'USD', 0, NULL),
(288, 30, '2026-06-07', 'Hotel', 153.17, 'USD', 0, NULL),
(289, 30, '2026-06-07', 'Meals', 33.54, 'USD', 1, NULL),
(290, 30, '2026-06-08', 'Hotel', 143.95, 'USD', 1, NULL),
(291, 30, '2026-06-08', 'Meals', 39.12, 'USD', 1, NULL),
(292, 30, '2026-06-07', 'Airfare', 742.55, 'USD', 1, NULL),
(293, 30, '2026-06-08', 'Ground Transport', 25.64, 'USD', 1, NULL),
(294, 31, '2026-03-15', 'Hotel', 150.26, 'USD', 1, NULL),
(295, 31, '2026-03-15', 'Meals', 51.13, 'USD', 1, NULL),
(296, 31, '2026-03-16', 'Hotel', 157.28, 'USD', 0, NULL),
(297, 31, '2026-03-16', 'Meals', 37.91, 'USD', 1, NULL),
(298, 31, '2026-03-15', 'Airfare', 674.15, 'USD', 1, NULL),
(299, 32, '2025-11-14', 'Hotel', 181.28, 'USD', 1, NULL),
(300, 32, '2025-11-14', 'Meals', 52.43, 'USD', 1, NULL),
(301, 32, '2025-11-15', 'Hotel', 159.93, 'USD', 1, NULL),
(302, 32, '2025-11-15', 'Meals', 60.65, 'USD', 1, NULL),
(303, 32, '2025-11-16', 'Hotel', 165.68, 'USD', 0, NULL),
(304, 32, '2025-11-16', 'Meals', 61.0, 'USD', 1, NULL),
(305, 32, '2025-11-14', 'Airfare', 344.63, 'USD', 1, NULL),
(306, 33, '2025-10-01', 'Hotel', 230.09, 'USD', 1, NULL),
(307, 33, '2025-10-01', 'Meals', 71.95, 'USD', 1, NULL),
(308, 33, '2025-10-02', 'Hotel', 275.28, 'USD', 1, NULL),
(309, 33, '2025-10-02', 'Meals', 92.4, 'USD', 1, NULL),
(310, 33, '2025-10-03', 'Hotel', 279.11, 'USD', 1, NULL),
(311, 33, '2025-10-03', 'Meals', 93.02, 'USD', 1, NULL),
(312, 33, '2025-10-04', 'Hotel', 289.75, 'USD', 1, NULL),
(313, 33, '2025-10-04', 'Meals', 78.52, 'USD', 1, NULL),
(314, 33, '2025-10-05', 'Hotel', 266.93, 'USD', 1, NULL),
(315, 33, '2025-10-05', 'Meals', 72.3, 'USD', 1, NULL),
(316, 33, '2025-10-06', 'Hotel', 248.57, 'USD', 1, NULL),
(317, 33, '2025-10-06', 'Meals', 74.31, 'USD', 1, NULL),
(318, 33, '2025-10-01', 'Airfare', 677.63, 'USD', 1, NULL),
(319, 33, '2025-10-05', 'Ground Transport', 110.8, 'USD', 1, NULL),
(320, 34, '2026-02-18', 'Hotel', 259.81, 'USD', 1, NULL),
(321, 34, '2026-02-18', 'Meals', 76.45, 'USD', 1, NULL),
(322, 34, '2026-02-19', 'Hotel', 182.11, 'USD', 1, NULL),
(323, 34, '2026-02-19', 'Meals', 55.76, 'USD', 1, NULL),
(324, 34, '2026-02-18', 'Airfare', 473.31, 'USD', 1, NULL),
(325, 34, '2026-02-18', 'Ground Transport', 15.88, 'USD', 1, NULL),
(326, 35, '2025-10-02', 'Hotel', 149.01, 'USD', 1, NULL),
(327, 35, '2025-10-02', 'Meals', 50.75, 'USD', 1, NULL),
(328, 35, '2025-10-03', 'Hotel', 158.22, 'USD', 1, NULL),
(329, 35, '2025-10-03', 'Meals', 55.89, 'USD', 0, NULL),
(330, 35, '2025-10-04', 'Hotel', 142.46, 'USD', 1, NULL),
(331, 35, '2025-10-04', 'Meals', 49.85, 'USD', 0, NULL),
(332, 35, '2025-10-02', 'Airfare', 443.25, 'USD', 1, NULL),
(333, 35, '2025-10-03', 'Ground Transport', 84.33, 'USD', 0, NULL),
(334, 36, '2025-11-19', 'Hotel', 192.72, 'USD', 1, NULL),
(335, 36, '2025-11-19', 'Meals', 60.54, 'USD', 1, NULL),
(336, 36, '2025-11-20', 'Hotel', 295.97, 'USD', 1, NULL),
(337, 36, '2025-11-20', 'Meals', 72.34, 'USD', 1, NULL),
(338, 36, '2025-11-21', 'Hotel', 154.92, 'USD', 1, NULL),
(339, 36, '2025-11-21', 'Meals', 44.17, 'USD', 1, NULL),
(340, 36, '2025-11-22', 'Hotel', 245.6, 'USD', 1, NULL),
(341, 36, '2025-11-22', 'Meals', 58.12, 'USD', 1, NULL),
(342, 36, '2025-11-23', 'Hotel', 267.47, 'USD', 1, NULL),
(343, 36, '2025-11-23', 'Meals', 95.61, 'USD', 1, NULL),
(344, 36, '2025-11-24', 'Hotel', 151.0, 'USD', 1, NULL),
(345, 36, '2025-11-24', 'Meals', 89.55, 'USD', 1, NULL),
(346, 36, '2025-11-19', 'Airfare', 720.17, 'USD', 1, NULL),
(347, 36, '2025-11-22', 'Ground Transport', 52.19, 'USD', 1, NULL),
(348, 37, '2025-09-03', 'Hotel', 194.75, 'USD', 0, NULL),
(349, 37, '2025-09-03', 'Meals', 54.93, 'USD', 0, NULL),
(350, 37, '2025-09-04', 'Hotel', 148.44, 'USD', 1, NULL),
(351, 37, '2025-09-04', 'Meals', 55.51, 'USD', 1, NULL),
(352, 37, '2025-09-05', 'Hotel', 162.39, 'USD', 1, NULL),
(353, 37, '2025-09-05', 'Meals', 58.82, 'USD', 1, NULL),
(354, 37, '2025-09-06', 'Hotel', 143.21, 'USD', 1, NULL),
(355, 37, '2025-09-06', 'Meals', 36.18, 'USD', 1, NULL),
(356, 37, '2025-09-07', 'Hotel', 167.77, 'USD', 1, NULL),
(357, 37, '2025-09-07', 'Meals', 47.65, 'USD', 1, NULL),
(358, 37, '2025-09-08', 'Hotel', 145.08, 'USD', 1, NULL),
(359, 37, '2025-09-08', 'Meals', 61.35, 'USD', 1, NULL),
(360, 37, '2025-09-03', 'Airfare', 653.87, 'USD', 1, NULL),
(361, 38, '2026-02-08', 'Hotel', 254.01, 'USD', 1, NULL),
(362, 38, '2026-02-08', 'Meals', 47.15, 'USD', 1, NULL),
(363, 38, '2026-02-09', 'Hotel', 238.91, 'USD', 1, NULL),
(364, 38, '2026-02-09', 'Meals', 69.34, 'USD', 1, NULL),
(365, 38, '2026-02-10', 'Hotel', 243.21, 'USD', 1, NULL),
(366, 38, '2026-02-10', 'Meals', 47.72, 'USD', 1, NULL),
(367, 38, '2026-02-11', 'Hotel', 249.73, 'USD', 1, NULL),
(368, 38, '2026-02-11', 'Meals', 66.53, 'USD', 1, NULL),
(369, 38, '2026-02-12', 'Hotel', 274.67, 'USD', 1, NULL),
(370, 38, '2026-02-12', 'Meals', 66.36, 'USD', 1, NULL),
(371, 38, '2026-02-13', 'Hotel', 201.64, 'USD', 1, NULL),
(372, 38, '2026-02-13', 'Meals', 76.16, 'USD', 1, NULL),
(373, 38, '2026-02-08', 'Airfare', 720.83, 'USD', 1, NULL),
(374, 38, '2026-02-12', 'Ground Transport', 17.59, 'USD', 1, NULL),
(375, 39, '2025-08-22', 'Hotel', 143.34, 'USD', 1, NULL),
(376, 39, '2025-08-22', 'Meals', 44.33, 'USD', 1, NULL),
(377, 39, '2025-08-23', 'Hotel', 189.22, 'USD', 1, NULL),
(378, 39, '2025-08-23', 'Meals', 48.49, 'USD', 1, NULL),
(379, 39, '2025-08-24', 'Hotel', 180.88, 'USD', 1, NULL),
(380, 39, '2025-08-24', 'Meals', 50.55, 'USD', 1, NULL),
(381, 39, '2025-08-22', 'Airfare', 684.42, 'USD', 1, NULL),
(382, 39, '2025-08-22', 'Ground Transport', 100.95, 'USD', 1, NULL),
(383, 40, '2026-05-29', 'Hotel', 181.98, 'USD', 1, NULL),
(384, 40, '2026-05-29', 'Meals', 46.55, 'USD', 1, NULL),
(385, 40, '2026-05-30', 'Hotel', 146.0, 'USD', 1, NULL),
(386, 40, '2026-05-30', 'Meals', 43.24, 'USD', 1, NULL),
(387, 40, '2026-05-31', 'Hotel', 163.15, 'USD', 1, NULL),
(388, 40, '2026-05-31', 'Meals', 46.07, 'USD', 1, NULL),
(389, 40, '2026-05-29', 'Airfare', 328.16, 'USD', 1, NULL),
(390, 40, '2026-05-31', 'Ground Transport', 27.61, 'USD', 1, NULL),
(391, 41, '2025-07-26', 'Hotel', 178.71, 'USD', 1, NULL),
(392, 41, '2025-07-26', 'Meals', 33.75, 'USD', 1, NULL),
(393, 41, '2025-07-27', 'Hotel', 168.07, 'USD', 1, NULL),
(394, 41, '2025-07-27', 'Meals', 93.75, 'USD', 1, NULL),
(395, 41, '2025-07-28', 'Hotel', 160.93, 'USD', 1, NULL),
(396, 41, '2025-07-28', 'Meals', 34.34, 'USD', 1, NULL),
(397, 41, '2025-07-29', 'Hotel', 294.37, 'USD', 1, NULL),
(398, 41, '2025-07-29', 'Meals', 40.64, 'USD', 1, NULL),
(399, 41, '2025-07-26', 'Airfare', 507.57, 'USD', 1, NULL),
(400, 42, '2026-05-23', 'Hotel', 162.59, 'USD', 1, NULL);
INSERT INTO `travel_expenses` (`expense_id`, `travel_request_id`, `expense_date`, `expense_type`, `amount`, `currency`, `receipt_provided`, `notes`) VALUES
(401, 42, '2026-05-23', 'Meals', 51.77, 'USD', 1, NULL),
(402, 42, '2026-05-24', 'Hotel', 195.64, 'USD', 1, NULL),
(403, 42, '2026-05-24', 'Meals', 47.87, 'USD', 1, NULL),
(404, 42, '2026-05-25', 'Hotel', 159.44, 'USD', 1, NULL),
(405, 42, '2026-05-25', 'Meals', 42.68, 'USD', 1, NULL),
(406, 42, '2026-05-26', 'Hotel', 164.23, 'USD', 0, NULL),
(407, 42, '2026-05-26', 'Meals', 57.42, 'USD', 1, NULL),
(408, 42, '2026-05-27', 'Hotel', 145.79, 'USD', 1, NULL),
(409, 42, '2026-05-27', 'Meals', 59.83, 'USD', 1, NULL),
(410, 42, '2026-05-23', 'Airfare', 774.73, 'USD', 1, NULL),
(411, 43, '2026-06-05', 'Hotel', 183.96, 'USD', 1, NULL),
(412, 43, '2026-06-05', 'Meals', 58.82, 'USD', 1, NULL),
(413, 43, '2026-06-06', 'Hotel', 193.55, 'USD', 1, NULL),
(414, 43, '2026-06-06', 'Meals', 44.79, 'USD', 0, NULL),
(415, 43, '2026-06-07', 'Hotel', 176.71, 'USD', 1, NULL),
(416, 43, '2026-06-07', 'Meals', 57.27, 'USD', 0, NULL),
(417, 43, '2026-06-08', 'Hotel', 185.8, 'USD', 1, NULL),
(418, 43, '2026-06-08', 'Meals', 57.09, 'USD', 1, NULL),
(419, 43, '2026-06-09', 'Hotel', 159.27, 'USD', 1, NULL),
(420, 43, '2026-06-09', 'Meals', 43.55, 'USD', 1, NULL),
(421, 43, '2026-06-10', 'Hotel', 174.43, 'USD', 1, NULL),
(422, 43, '2026-06-10', 'Meals', 39.89, 'USD', 1, NULL),
(423, 43, '2026-06-05', 'Airfare', 428.85, 'USD', 1, NULL),
(424, 43, '2026-06-06', 'Ground Transport', 32.02, 'USD', 1, NULL),
(425, 44, '2026-05-26', 'Hotel', 141.45, 'USD', 1, NULL),
(426, 44, '2026-05-26', 'Meals', 71.64, 'USD', 1, NULL),
(427, 44, '2026-05-27', 'Hotel', 174.1, 'USD', 1, NULL),
(428, 44, '2026-05-27', 'Meals', 52.46, 'USD', 1, NULL),
(429, 44, '2026-05-28', 'Hotel', 248.67, 'USD', 1, NULL),
(430, 44, '2026-05-28', 'Meals', 94.89, 'USD', 1, NULL),
(431, 44, '2026-05-29', 'Hotel', 286.29, 'USD', 1, NULL),
(432, 44, '2026-05-29', 'Meals', 84.95, 'USD', 1, NULL),
(433, 44, '2026-05-30', 'Hotel', 278.65, 'USD', 0, NULL),
(434, 44, '2026-05-30', 'Meals', 93.03, 'USD', 1, NULL),
(435, 44, '2026-05-26', 'Airfare', 481.27, 'USD', 1, NULL),
(436, 45, '2025-12-22', 'Hotel', 251.73, 'USD', 1, NULL),
(437, 45, '2025-12-22', 'Meals', 87.58, 'USD', 1, NULL),
(438, 45, '2025-12-23', 'Hotel', 314.32, 'USD', 1, NULL),
(439, 45, '2025-12-23', 'Meals', 82.46, 'USD', 1, NULL),
(440, 45, '2025-12-24', 'Hotel', 248.38, 'USD', 1, NULL),
(441, 45, '2025-12-24', 'Meals', 42.14, 'USD', 1, NULL),
(442, 45, '2025-12-25', 'Hotel', 302.51, 'USD', 1, NULL),
(443, 45, '2025-12-25', 'Meals', 50.34, 'USD', 1, NULL),
(444, 45, '2025-12-22', 'Airfare', 472.47, 'USD', 1, NULL),
(445, 45, '2025-12-22', 'Ground Transport', 58.71, 'USD', 1, NULL),
(446, 46, '2026-01-13', 'Hotel', 236.22, 'USD', 1, NULL),
(447, 46, '2026-01-13', 'Meals', 70.17, 'USD', 1, NULL),
(448, 46, '2026-01-14', 'Hotel', 237.71, 'USD', 1, NULL),
(449, 46, '2026-01-14', 'Meals', 55.9, 'USD', 1, NULL),
(450, 46, '2026-01-15', 'Hotel', 261.65, 'USD', 1, NULL),
(451, 46, '2026-01-15', 'Meals', 51.21, 'USD', 1, NULL),
(452, 46, '2026-01-13', 'Airfare', 430.63, 'USD', 1, NULL),
(453, 47, '2025-08-14', 'Hotel', 408.13, 'USD', 0, NULL),
(454, 47, '2025-08-14', 'Meals', 106.33, 'USD', 1, NULL),
(455, 47, '2025-08-15', 'Hotel', 336.56, 'USD', 1, NULL),
(456, 47, '2025-08-15', 'Meals', 66.05, 'USD', 1, NULL),
(457, 47, '2025-08-16', 'Hotel', 224.82, 'USD', 1, NULL),
(458, 47, '2025-08-16', 'Meals', 107.54, 'USD', 1, NULL),
(459, 47, '2025-08-14', 'Airfare', 1457.36, 'USD', 1, NULL),
(460, 47, '2025-08-14', 'Ground Transport', 19.81, 'USD', 1, NULL),
(461, 48, '2025-11-23', 'Hotel', 155.0, 'USD', 0, NULL),
(462, 48, '2025-11-23', 'Meals', 34.16, 'USD', 1, NULL),
(463, 48, '2025-11-24', 'Hotel', 156.96, 'USD', 1, NULL),
(464, 48, '2025-11-24', 'Meals', 50.12, 'USD', 1, NULL),
(465, 48, '2025-11-25', 'Hotel', 199.89, 'USD', 1, NULL),
(466, 48, '2025-11-25', 'Meals', 44.14, 'USD', 1, NULL),
(467, 48, '2025-11-26', 'Hotel', 179.4, 'USD', 1, NULL),
(468, 48, '2025-11-26', 'Meals', 59.95, 'USD', 1, NULL),
(469, 48, '2025-11-27', 'Hotel', 182.32, 'USD', 1, NULL),
(470, 48, '2025-11-27', 'Meals', 58.76, 'USD', 1, NULL),
(471, 48, '2025-11-23', 'Airfare', 543.79, 'USD', 1, NULL),
(472, 48, '2025-11-24', 'Ground Transport', 53.53, 'USD', 1, NULL),
(473, 49, '2025-07-30', 'Hotel', 218.47, 'USD', 1, NULL),
(474, 49, '2025-07-30', 'Meals', 61.76, 'USD', 0, NULL),
(475, 49, '2025-07-31', 'Hotel', 271.64, 'USD', 1, NULL),
(476, 49, '2025-07-31', 'Meals', 66.29, 'USD', 1, NULL),
(477, 49, '2025-08-01', 'Hotel', 213.1, 'USD', 1, NULL),
(478, 49, '2025-08-01', 'Meals', 79.83, 'USD', 1, NULL),
(479, 49, '2025-08-02', 'Hotel', 258.32, 'USD', 1, NULL),
(480, 49, '2025-08-02', 'Meals', 56.74, 'USD', 1, NULL),
(481, 49, '2025-07-30', 'Airfare', 582.54, 'USD', 1, NULL),
(482, 50, '2026-02-21', 'Hotel', 250.59, 'USD', 1, NULL),
(483, 50, '2026-02-21', 'Meals', 46.87, 'USD', 1, NULL),
(484, 50, '2026-02-22', 'Hotel', 198.84, 'USD', 1, NULL),
(485, 50, '2026-02-22', 'Meals', 57.19, 'USD', 1, NULL),
(486, 50, '2026-02-23', 'Hotel', 203.1, 'USD', 1, NULL),
(487, 50, '2026-02-23', 'Meals', 65.82, 'USD', 1, NULL),
(488, 50, '2026-02-24', 'Hotel', 268.47, 'USD', 1, NULL),
(489, 50, '2026-02-24', 'Meals', 44.2, 'USD', 1, NULL),
(490, 50, '2026-02-25', 'Hotel', 211.49, 'USD', 1, NULL),
(491, 50, '2026-02-25', 'Meals', 44.5, 'USD', 1, NULL),
(492, 50, '2026-02-21', 'Airfare', 1107.6, 'USD', 1, NULL),
(493, 50, '2026-02-25', 'Ground Transport', 17.73, 'USD', 1, NULL),
(494, 51, '2025-11-17', 'Hotel', 224.24, 'USD', 1, NULL),
(495, 51, '2025-11-17', 'Meals', 52.54, 'USD', 1, NULL),
(496, 51, '2025-11-18', 'Hotel', 214.19, 'USD', 0, NULL),
(497, 51, '2025-11-18', 'Meals', 70.26, 'USD', 1, NULL),
(498, 51, '2025-11-19', 'Hotel', 268.72, 'USD', 1, NULL),
(499, 51, '2025-11-19', 'Meals', 78.02, 'USD', 1, NULL),
(500, 51, '2025-11-20', 'Hotel', 263.82, 'USD', 1, NULL),
(501, 51, '2025-11-20', 'Meals', 78.93, 'USD', 1, NULL),
(502, 51, '2025-11-21', 'Hotel', 220.14, 'USD', 1, NULL),
(503, 51, '2025-11-21', 'Meals', 62.95, 'USD', 1, NULL),
(504, 51, '2025-11-17', 'Airfare', 1341.06, 'USD', 1, NULL),
(505, 52, '2026-05-23', 'Hotel', 319.34, 'USD', 1, NULL),
(506, 52, '2026-05-23', 'Meals', 89.25, 'USD', 1, NULL),
(507, 52, '2026-05-24', 'Hotel', 199.93, 'USD', 1, NULL),
(508, 52, '2026-05-24', 'Meals', 78.63, 'USD', 1, NULL),
(509, 52, '2026-05-23', 'Airfare', 402.87, 'USD', 1, NULL),
(510, 53, '2026-03-25', 'Hotel', 197.04, 'USD', 1, NULL),
(511, 53, '2026-03-25', 'Meals', 67.77, 'USD', 1, NULL),
(512, 53, '2026-03-26', 'Hotel', 267.2, 'USD', 1, NULL),
(513, 53, '2026-03-26', 'Meals', 43.16, 'USD', 0, NULL),
(514, 53, '2026-03-25', 'Airfare', 444.62, 'USD', 1, NULL),
(515, 53, '2026-03-26', 'Ground Transport', 81.96, 'USD', 1, NULL),
(516, 54, '2026-03-19', 'Hotel', 284.93, 'USD', 1, NULL),
(517, 54, '2026-03-19', 'Meals', 91.42, 'USD', 1, NULL),
(518, 54, '2026-03-20', 'Hotel', 286.73, 'USD', 1, NULL),
(519, 54, '2026-03-20', 'Meals', 74.48, 'USD', 0, NULL),
(520, 54, '2026-03-19', 'Airfare', 719.64, 'USD', 1, NULL),
(521, 55, '2026-04-15', 'Hotel', 142.52, 'USD', 1, NULL),
(522, 55, '2026-04-15', 'Meals', 34.28, 'USD', 1, NULL),
(523, 55, '2026-04-16', 'Hotel', 155.54, 'USD', 1, NULL),
(524, 55, '2026-04-16', 'Meals', 52.34, 'USD', 1, NULL),
(525, 55, '2026-04-17', 'Hotel', 161.2, 'USD', 1, NULL),
(526, 55, '2026-04-17', 'Meals', 50.07, 'USD', 1, NULL),
(527, 55, '2026-04-18', 'Hotel', 144.65, 'USD', 1, NULL),
(528, 55, '2026-04-18', 'Meals', 47.45, 'USD', 1, NULL),
(529, 55, '2026-04-15', 'Airfare', 457.83, 'USD', 1, NULL),
(530, 55, '2026-04-18', 'Ground Transport', 101.38, 'USD', 1, NULL),
(531, 56, '2026-06-17', 'Hotel', 148.58, 'USD', 1, NULL),
(532, 56, '2026-06-17', 'Meals', 55.55, 'USD', 1, NULL),
(533, 56, '2026-06-18', 'Hotel', 164.49, 'USD', 1, NULL),
(534, 56, '2026-06-18', 'Meals', 46.27, 'USD', 1, NULL),
(535, 56, '2026-06-19', 'Hotel', 177.31, 'USD', 1, NULL),
(536, 56, '2026-06-19', 'Meals', 33.8, 'USD', 1, NULL),
(537, 56, '2026-06-17', 'Airfare', 885.67, 'USD', 1, NULL),
(538, 56, '2026-06-19', 'Ground Transport', 78.95, 'USD', 1, NULL),
(539, 57, '2026-04-13', 'Hotel', 184.52, 'USD', 1, NULL),
(540, 57, '2026-04-13', 'Meals', 53.35, 'USD', 1, NULL),
(541, 57, '2026-04-14', 'Hotel', 162.73, 'USD', 1, NULL),
(542, 57, '2026-04-14', 'Meals', 51.72, 'USD', 1, NULL),
(543, 57, '2026-04-15', 'Hotel', 185.76, 'USD', 1, NULL),
(544, 57, '2026-04-15', 'Meals', 60.44, 'USD', 1, NULL),
(545, 57, '2026-04-16', 'Hotel', 199.54, 'USD', 1, NULL),
(546, 57, '2026-04-16', 'Meals', 61.69, 'USD', 1, NULL),
(547, 57, '2026-04-17', 'Hotel', 184.04, 'USD', 1, NULL),
(548, 57, '2026-04-17', 'Meals', 36.05, 'USD', 1, NULL),
(549, 57, '2026-04-13', 'Airfare', 802.69, 'USD', 1, NULL),
(550, 58, '2025-12-14', 'Hotel', 239.71, 'USD', 1, NULL),
(551, 58, '2025-12-14', 'Meals', 49.96, 'USD', 1, NULL),
(552, 58, '2025-12-15', 'Hotel', 272.53, 'USD', 1, NULL),
(553, 58, '2025-12-15', 'Meals', 73.06, 'USD', 1, NULL),
(554, 58, '2025-12-16', 'Hotel', 215.39, 'USD', 1, NULL),
(555, 58, '2025-12-16', 'Meals', 79.69, 'USD', 1, NULL),
(556, 58, '2025-12-14', 'Airfare', 980.74, 'USD', 1, NULL),
(557, 59, '2026-06-02', 'Hotel', 202.69, 'USD', 1, NULL),
(558, 59, '2026-06-02', 'Meals', 45.42, 'USD', 1, NULL),
(559, 59, '2026-06-03', 'Hotel', 236.67, 'USD', 1, NULL),
(560, 59, '2026-06-03', 'Meals', 72.58, 'USD', 1, NULL),
(561, 59, '2026-06-04', 'Hotel', 265.54, 'USD', 1, NULL),
(562, 59, '2026-06-04', 'Meals', 77.91, 'USD', 1, NULL),
(563, 59, '2026-06-02', 'Airfare', 1590.78, 'USD', 1, NULL),
(564, 60, '2025-12-19', 'Hotel', 246.87, 'USD', 1, NULL),
(565, 60, '2025-12-19', 'Meals', 55.57, 'USD', 1, NULL),
(566, 60, '2025-12-20', 'Hotel', 230.31, 'USD', 1, NULL),
(567, 60, '2025-12-20', 'Meals', 48.18, 'USD', 1, NULL),
(568, 60, '2025-12-19', 'Airfare', 1554.21, 'USD', 1, NULL),
(569, 60, '2025-12-19', 'Ground Transport', 33.89, 'USD', 1, NULL),
(570, 61, '2025-07-06', 'Hotel', 439.2, 'USD', 1, NULL),
(571, 61, '2025-07-06', 'Meals', 108.17, 'USD', 1, NULL),
(572, 61, '2025-07-07', 'Hotel', 431.23, 'USD', 1, NULL),
(573, 61, '2025-07-07', 'Meals', 107.18, 'USD', 1, NULL),
(574, 61, '2025-07-08', 'Hotel', 435.08, 'USD', 1, NULL),
(575, 61, '2025-07-08', 'Meals', 65.12, 'USD', 1, NULL),
(576, 61, '2025-07-09', 'Hotel', 199.8, 'USD', 1, NULL),
(577, 61, '2025-07-09', 'Meals', 108.79, 'USD', 1, NULL),
(578, 61, '2025-07-10', 'Hotel', 338.96, 'USD', 1, NULL),
(579, 61, '2025-07-10', 'Meals', 71.8, 'USD', 1, NULL),
(580, 61, '2025-07-06', 'Airfare', 506.1, 'USD', 1, NULL),
(581, 62, '2025-12-14', 'Hotel', 162.19, 'USD', 1, NULL),
(582, 62, '2025-12-14', 'Meals', 43.6, 'USD', 1, NULL),
(583, 62, '2025-12-15', 'Hotel', 170.52, 'USD', 1, NULL),
(584, 62, '2025-12-15', 'Meals', 60.13, 'USD', 0, NULL),
(585, 62, '2025-12-16', 'Hotel', 157.84, 'USD', 1, NULL),
(586, 62, '2025-12-16', 'Meals', 49.0, 'USD', 1, NULL),
(587, 62, '2025-12-14', 'Airfare', 643.27, 'USD', 1, NULL),
(588, 63, '2026-04-24', 'Hotel', 223.12, 'USD', 1, NULL),
(589, 63, '2026-04-24', 'Meals', 49.32, 'USD', 1, NULL),
(590, 63, '2026-04-25', 'Hotel', 264.37, 'USD', 1, NULL),
(591, 63, '2026-04-25', 'Meals', 80.34, 'USD', 1, NULL),
(592, 63, '2026-04-26', 'Hotel', 239.61, 'USD', 1, NULL),
(593, 63, '2026-04-26', 'Meals', 66.04, 'USD', 0, NULL),
(594, 63, '2026-04-24', 'Airfare', 770.22, 'USD', 1, NULL),
(595, 63, '2026-04-24', 'Ground Transport', 43.75, 'USD', 1, NULL),
(596, 64, '2025-07-23', 'Hotel', 195.06, 'USD', 1, NULL),
(597, 64, '2025-07-23', 'Meals', 59.54, 'USD', 1, NULL),
(598, 64, '2025-07-24', 'Hotel', 152.41, 'USD', 1, NULL),
(599, 64, '2025-07-24', 'Meals', 33.3, 'USD', 1, NULL),
(600, 64, '2025-07-23', 'Airfare', 614.08, 'USD', 1, NULL);
INSERT INTO `travel_expenses` (`expense_id`, `travel_request_id`, `expense_date`, `expense_type`, `amount`, `currency`, `receipt_provided`, `notes`) VALUES
(601, 65, '2026-05-01', 'Hotel', 248.28, 'USD', 1, NULL),
(602, 65, '2026-05-01', 'Meals', 49.21, 'USD', 1, NULL),
(603, 65, '2026-05-02', 'Hotel', 239.87, 'USD', 1, NULL),
(604, 65, '2026-05-02', 'Meals', 82.74, 'USD', 1, NULL),
(605, 65, '2026-05-03', 'Hotel', 191.87, 'USD', 1, NULL),
(606, 65, '2026-05-03', 'Meals', 73.56, 'USD', 1, NULL),
(607, 65, '2026-05-01', 'Airfare', 750.97, 'USD', 1, NULL),
(608, 65, '2026-05-03', 'Ground Transport', 68.24, 'USD', 1, NULL),
(609, 66, '2026-01-15', 'Hotel', 180.32, 'USD', 1, NULL),
(610, 66, '2026-01-15', 'Meals', 52.62, 'USD', 1, NULL),
(611, 66, '2026-01-16', 'Hotel', 142.3, 'USD', 1, NULL),
(612, 66, '2026-01-16', 'Meals', 53.12, 'USD', 1, NULL),
(613, 66, '2026-01-17', 'Hotel', 151.42, 'USD', 1, NULL),
(614, 66, '2026-01-17', 'Meals', 57.0, 'USD', 1, NULL),
(615, 66, '2026-01-18', 'Hotel', 196.95, 'USD', 1, NULL),
(616, 66, '2026-01-18', 'Meals', 39.69, 'USD', 1, NULL),
(617, 66, '2026-01-15', 'Airfare', 856.64, 'USD', 1, NULL),
(618, 66, '2026-01-18', 'Ground Transport', 35.55, 'USD', 1, NULL),
(619, 67, '2026-04-05', 'Hotel', 257.62, 'USD', 1, NULL),
(620, 67, '2026-04-05', 'Meals', 50.1, 'USD', 1, NULL),
(621, 67, '2026-04-06', 'Hotel', 275.87, 'USD', 1, NULL),
(622, 67, '2026-04-06', 'Meals', 71.17, 'USD', 0, NULL),
(623, 67, '2026-04-05', 'Airfare', 484.38, 'USD', 1, NULL),
(624, 67, '2026-04-06', 'Ground Transport', 36.9, 'USD', 1, NULL),
(625, 68, '2025-10-08', 'Hotel', 176.8, 'USD', 1, NULL),
(626, 68, '2025-10-08', 'Meals', 39.37, 'USD', 1, NULL),
(627, 68, '2025-10-09', 'Hotel', 171.83, 'USD', 1, NULL),
(628, 68, '2025-10-09', 'Meals', 58.18, 'USD', 1, NULL),
(629, 68, '2025-10-10', 'Hotel', 192.5, 'USD', 1, NULL),
(630, 68, '2025-10-10', 'Meals', 46.84, 'USD', 1, NULL),
(631, 68, '2025-10-08', 'Airfare', 656.42, 'USD', 1, NULL),
(632, 68, '2025-10-09', 'Ground Transport', 46.02, 'USD', 1, NULL),
(633, 69, '2026-01-18', 'Hotel', 166.83, 'USD', 1, NULL),
(634, 69, '2026-01-18', 'Meals', 44.93, 'USD', 1, NULL),
(635, 69, '2026-01-19', 'Hotel', 197.38, 'USD', 1, NULL),
(636, 69, '2026-01-19', 'Meals', 42.67, 'USD', 1, NULL),
(637, 69, '2026-01-20', 'Hotel', 147.68, 'USD', 1, NULL),
(638, 69, '2026-01-20', 'Meals', 57.07, 'USD', 1, NULL),
(639, 69, '2026-01-21', 'Hotel', 176.06, 'USD', 1, NULL),
(640, 69, '2026-01-21', 'Meals', 33.35, 'USD', 1, NULL),
(641, 69, '2026-01-22', 'Hotel', 152.91, 'USD', 1, NULL),
(642, 69, '2026-01-22', 'Meals', 44.46, 'USD', 1, NULL),
(643, 69, '2026-01-23', 'Hotel', 159.39, 'USD', 1, NULL),
(644, 69, '2026-01-23', 'Meals', 44.53, 'USD', 1, NULL),
(645, 69, '2026-01-18', 'Airfare', 530.4, 'USD', 1, NULL),
(646, 69, '2026-01-21', 'Ground Transport', 20.74, 'USD', 1, NULL),
(647, 70, '2025-07-15', 'Hotel', 224.55, 'USD', 1, NULL),
(648, 70, '2025-07-15', 'Meals', 54.3, 'USD', 1, NULL),
(649, 70, '2025-07-16', 'Hotel', 244.09, 'USD', 1, NULL),
(650, 70, '2025-07-16', 'Meals', 50.39, 'USD', 1, NULL),
(651, 70, '2025-07-17', 'Hotel', 275.62, 'USD', 1, NULL),
(652, 70, '2025-07-17', 'Meals', 55.11, 'USD', 1, NULL),
(653, 70, '2025-07-18', 'Hotel', 197.67, 'USD', 1, NULL),
(654, 70, '2025-07-18', 'Meals', 73.19, 'USD', 0, NULL),
(655, 70, '2025-07-15', 'Airfare', 1322.02, 'USD', 1, NULL),
(656, 71, '2026-04-10', 'Hotel', 173.17, 'USD', 1, NULL),
(657, 71, '2026-04-10', 'Meals', 47.67, 'USD', 1, NULL),
(658, 71, '2026-04-11', 'Hotel', 151.91, 'USD', 1, NULL),
(659, 71, '2026-04-11', 'Meals', 48.17, 'USD', 1, NULL),
(660, 71, '2026-04-12', 'Hotel', 153.76, 'USD', 1, NULL),
(661, 71, '2026-04-12', 'Meals', 59.14, 'USD', 1, NULL),
(662, 71, '2026-04-13', 'Hotel', 152.94, 'USD', 1, NULL),
(663, 71, '2026-04-13', 'Meals', 60.0, 'USD', 0, NULL),
(664, 71, '2026-04-10', 'Airfare', 234.62, 'USD', 1, NULL),
(665, 72, '2025-09-04', 'Hotel', 341.78, 'USD', 1, NULL),
(666, 72, '2025-09-04', 'Meals', 51.3, 'USD', 1, NULL),
(667, 72, '2025-09-05', 'Hotel', 420.79, 'USD', 1, NULL),
(668, 72, '2025-09-05', 'Meals', 47.52, 'USD', 1, NULL),
(669, 72, '2025-09-06', 'Hotel', 412.99, 'USD', 1, NULL),
(670, 72, '2025-09-06', 'Meals', 121.73, 'USD', 1, NULL),
(671, 72, '2025-09-07', 'Hotel', 208.76, 'USD', 1, NULL),
(672, 72, '2025-09-07', 'Meals', 49.93, 'USD', 1, NULL),
(673, 72, '2025-09-04', 'Airfare', 821.38, 'USD', 1, NULL),
(674, 72, '2025-09-06', 'Ground Transport', 17.46, 'USD', 1, NULL),
(675, 73, '2025-11-29', 'Hotel', 204.37, 'USD', 1, NULL),
(676, 73, '2025-11-29', 'Meals', 64.54, 'USD', 1, NULL),
(677, 73, '2025-11-30', 'Hotel', 232.08, 'USD', 1, NULL),
(678, 73, '2025-11-30', 'Meals', 58.04, 'USD', 1, NULL),
(679, 73, '2025-11-29', 'Airfare', 769.73, 'USD', 1, NULL),
(680, 74, '2025-08-22', 'Hotel', 162.94, 'USD', 1, NULL),
(681, 74, '2025-08-22', 'Meals', 53.78, 'USD', 1, NULL),
(682, 74, '2025-08-23', 'Hotel', 185.76, 'USD', 1, NULL),
(683, 74, '2025-08-23', 'Meals', 45.73, 'USD', 1, NULL),
(684, 74, '2025-08-24', 'Hotel', 141.49, 'USD', 1, NULL),
(685, 74, '2025-08-24', 'Meals', 45.58, 'USD', 1, NULL),
(686, 74, '2025-08-25', 'Hotel', 146.54, 'USD', 1, NULL),
(687, 74, '2025-08-25', 'Meals', 36.71, 'USD', 1, NULL),
(688, 74, '2025-08-22', 'Airfare', 281.05, 'USD', 1, NULL),
(689, 74, '2025-08-23', 'Ground Transport', 36.81, 'USD', 1, NULL),
(690, 75, '2025-09-26', 'Hotel', 229.87, 'USD', 1, NULL),
(691, 75, '2025-09-26', 'Meals', 74.62, 'USD', 0, NULL),
(692, 75, '2025-09-27', 'Hotel', 415.3, 'USD', 1, NULL),
(693, 75, '2025-09-27', 'Meals', 43.9, 'USD', 1, NULL),
(694, 75, '2025-09-28', 'Hotel', 348.36, 'USD', 1, NULL),
(695, 75, '2025-09-28', 'Meals', 126.12, 'USD', 1, NULL),
(696, 75, '2025-09-29', 'Hotel', 391.91, 'USD', 1, NULL),
(697, 75, '2025-09-29', 'Meals', 70.54, 'USD', 1, NULL),
(698, 75, '2025-09-30', 'Hotel', 323.72, 'USD', 1, NULL),
(699, 75, '2025-09-30', 'Meals', 123.07, 'USD', 1, NULL),
(700, 75, '2025-10-01', 'Hotel', 400.9, 'USD', 1, NULL),
(701, 75, '2025-10-01', 'Meals', 47.85, 'USD', 1, NULL),
(702, 75, '2025-09-26', 'Airfare', 408.17, 'USD', 1, NULL),
(703, 75, '2025-10-01', 'Ground Transport', 119.55, 'USD', 1, NULL),
(704, 76, '2026-02-03', 'Hotel', 159.34, 'USD', 1, NULL),
(705, 76, '2026-02-03', 'Meals', 89.31, 'USD', 1, NULL),
(706, 76, '2026-02-04', 'Hotel', 284.41, 'USD', 1, NULL),
(707, 76, '2026-02-04', 'Meals', 90.92, 'USD', 1, NULL),
(708, 76, '2026-02-05', 'Hotel', 294.36, 'USD', 1, NULL),
(709, 76, '2026-02-05', 'Meals', 83.73, 'USD', 1, NULL),
(710, 76, '2026-02-06', 'Hotel', 140.34, 'USD', 1, NULL),
(711, 76, '2026-02-06', 'Meals', 73.96, 'USD', 1, NULL),
(712, 76, '2026-02-03', 'Airfare', 653.95, 'USD', 1, NULL),
(713, 76, '2026-02-05', 'Ground Transport', 81.82, 'USD', 1, NULL),
(714, 77, '2026-02-14', 'Hotel', 273.94, 'USD', 1, NULL),
(715, 77, '2026-02-14', 'Meals', 73.89, 'USD', 1, NULL),
(716, 77, '2026-02-15', 'Hotel', 245.1, 'USD', 1, NULL),
(717, 77, '2026-02-15', 'Meals', 66.39, 'USD', 1, NULL),
(718, 77, '2026-02-16', 'Hotel', 217.4, 'USD', 1, NULL),
(719, 77, '2026-02-16', 'Meals', 67.72, 'USD', 0, NULL),
(720, 77, '2026-02-17', 'Hotel', 208.8, 'USD', 1, NULL),
(721, 77, '2026-02-17', 'Meals', 53.21, 'USD', 1, NULL),
(722, 77, '2026-02-18', 'Hotel', 204.6, 'USD', 1, NULL),
(723, 77, '2026-02-18', 'Meals', 64.96, 'USD', 1, NULL),
(724, 77, '2026-02-14', 'Airfare', 829.83, 'USD', 1, NULL),
(725, 78, '2026-01-20', 'Hotel', 156.63, 'USD', 1, NULL),
(726, 78, '2026-01-20', 'Meals', 57.99, 'USD', 1, NULL),
(727, 78, '2026-01-21', 'Hotel', 168.4, 'USD', 1, NULL),
(728, 78, '2026-01-21', 'Meals', 55.41, 'USD', 1, NULL),
(729, 78, '2026-01-22', 'Hotel', 145.48, 'USD', 1, NULL),
(730, 78, '2026-01-22', 'Meals', 36.78, 'USD', 1, NULL),
(731, 78, '2026-01-23', 'Hotel', 192.48, 'USD', 1, NULL),
(732, 78, '2026-01-23', 'Meals', 58.71, 'USD', 0, NULL),
(733, 78, '2026-01-24', 'Hotel', 170.7, 'USD', 1, NULL),
(734, 78, '2026-01-24', 'Meals', 51.95, 'USD', 1, NULL),
(735, 78, '2026-01-25', 'Hotel', 170.02, 'USD', 1, NULL),
(736, 78, '2026-01-25', 'Meals', 48.88, 'USD', 1, NULL),
(737, 78, '2026-01-20', 'Airfare', 501.44, 'USD', 1, NULL),
(738, 78, '2026-01-24', 'Ground Transport', 47.73, 'USD', 1, NULL),
(739, 79, '2026-06-21', 'Hotel', 244.95, 'USD', 1, NULL),
(740, 79, '2026-06-21', 'Meals', 82.87, 'USD', 1, NULL),
(741, 79, '2026-06-22', 'Hotel', 240.82, 'USD', 1, NULL),
(742, 79, '2026-06-22', 'Meals', 94.02, 'USD', 1, NULL),
(743, 79, '2026-06-23', 'Hotel', 268.17, 'USD', 1, NULL),
(744, 79, '2026-06-23', 'Meals', 58.13, 'USD', 1, NULL),
(745, 79, '2026-06-21', 'Airfare', 493.17, 'USD', 1, NULL),
(746, 80, '2026-01-01', 'Hotel', 151.75, 'USD', 1, NULL),
(747, 80, '2026-01-01', 'Meals', 38.2, 'USD', 1, NULL),
(748, 80, '2026-01-02', 'Hotel', 159.71, 'USD', 1, NULL),
(749, 80, '2026-01-02', 'Meals', 59.29, 'USD', 1, NULL),
(750, 80, '2026-01-01', 'Airfare', 229.49, 'USD', 1, NULL),
(751, 80, '2026-01-02', 'Ground Transport', 82.96, 'USD', 1, NULL),
(752, 81, '2025-10-09', 'Hotel', 400.78, 'USD', 1, NULL),
(753, 81, '2025-10-09', 'Meals', 73.99, 'USD', 1, NULL),
(754, 81, '2025-10-10', 'Hotel', 279.77, 'USD', 1, NULL),
(755, 81, '2025-10-10', 'Meals', 60.61, 'USD', 1, NULL),
(756, 81, '2025-10-11', 'Hotel', 325.63, 'USD', 1, NULL),
(757, 81, '2025-10-11', 'Meals', 48.36, 'USD', 1, NULL),
(758, 81, '2025-10-09', 'Airfare', 568.99, 'USD', 1, NULL),
(759, 81, '2025-10-11', 'Ground Transport', 103.81, 'USD', 0, NULL),
(760, 82, '2026-03-07', 'Hotel', 222.4, 'USD', 1, NULL),
(761, 82, '2026-03-07', 'Meals', 53.11, 'USD', 1, NULL),
(762, 82, '2026-03-08', 'Hotel', 251.03, 'USD', 1, NULL),
(763, 82, '2026-03-08', 'Meals', 55.22, 'USD', 1, NULL),
(764, 82, '2026-03-09', 'Hotel', 271.57, 'USD', 1, NULL),
(765, 82, '2026-03-09', 'Meals', 48.97, 'USD', 1, NULL),
(766, 82, '2026-03-10', 'Hotel', 256.66, 'USD', 1, NULL),
(767, 82, '2026-03-10', 'Meals', 43.04, 'USD', 1, NULL),
(768, 82, '2026-03-07', 'Airfare', 943.12, 'USD', 1, NULL),
(769, 83, '2026-03-01', 'Hotel', 151.58, 'USD', 1, NULL),
(770, 83, '2026-03-01', 'Meals', 72.66, 'USD', 1, NULL),
(771, 83, '2026-03-02', 'Hotel', 287.18, 'USD', 1, NULL),
(772, 83, '2026-03-02', 'Meals', 86.07, 'USD', 1, NULL),
(773, 83, '2026-03-01', 'Airfare', 560.36, 'USD', 1, NULL),
(774, 84, '2025-09-15', 'Hotel', 312.62, 'USD', 1, NULL),
(775, 84, '2025-09-15', 'Meals', 87.79, 'USD', 0, NULL),
(776, 84, '2025-09-16', 'Hotel', 287.42, 'USD', 1, NULL),
(777, 84, '2025-09-16', 'Meals', 58.16, 'USD', 1, NULL),
(778, 84, '2025-09-17', 'Hotel', 180.85, 'USD', 1, NULL),
(779, 84, '2025-09-17', 'Meals', 54.36, 'USD', 1, NULL),
(780, 84, '2025-09-18', 'Hotel', 255.11, 'USD', 1, NULL),
(781, 84, '2025-09-18', 'Meals', 44.61, 'USD', 1, NULL),
(782, 84, '2025-09-19', 'Hotel', 151.95, 'USD', 1, NULL),
(783, 84, '2025-09-19', 'Meals', 80.73, 'USD', 1, NULL),
(784, 84, '2025-09-20', 'Hotel', 304.66, 'USD', 1, NULL),
(785, 84, '2025-09-20', 'Meals', 37.49, 'USD', 1, NULL),
(786, 84, '2025-09-15', 'Airfare', 333.66, 'USD', 1, NULL),
(787, 84, '2025-09-20', 'Ground Transport', 119.34, 'USD', 1, NULL),
(788, 85, '2025-07-16', 'Hotel', 262.89, 'USD', 1, NULL),
(789, 85, '2025-07-16', 'Meals', 69.26, 'USD', 1, NULL),
(790, 85, '2025-07-17', 'Hotel', 265.71, 'USD', 1, NULL),
(791, 85, '2025-07-17', 'Meals', 45.97, 'USD', 1, NULL),
(792, 85, '2025-07-18', 'Hotel', 217.69, 'USD', 1, NULL),
(793, 85, '2025-07-18', 'Meals', 43.7, 'USD', 1, NULL),
(794, 85, '2025-07-19', 'Hotel', 251.3, 'USD', 1, NULL),
(795, 85, '2025-07-19', 'Meals', 47.85, 'USD', 1, NULL),
(796, 85, '2025-07-16', 'Airfare', 885.18, 'USD', 1, NULL),
(797, 85, '2025-07-16', 'Ground Transport', 76.78, 'USD', 0, NULL),
(798, 86, '2025-12-24', 'Hotel', 192.16, 'USD', 0, NULL),
(799, 86, '2025-12-24', 'Meals', 44.83, 'USD', 1, NULL),
(800, 86, '2025-12-25', 'Hotel', 178.87, 'USD', 1, NULL);
INSERT INTO `travel_expenses` (`expense_id`, `travel_request_id`, `expense_date`, `expense_type`, `amount`, `currency`, `receipt_provided`, `notes`) VALUES
(801, 86, '2025-12-25', 'Meals', 59.21, 'USD', 1, NULL),
(802, 86, '2025-12-26', 'Hotel', 168.01, 'USD', 1, NULL),
(803, 86, '2025-12-26', 'Meals', 33.14, 'USD', 1, NULL),
(804, 86, '2025-12-24', 'Airfare', 553.21, 'USD', 1, NULL),
(805, 86, '2025-12-24', 'Ground Transport', 60.67, 'USD', 1, NULL),
(806, 87, '2026-02-01', 'Hotel', 291.07, 'USD', 1, NULL),
(807, 87, '2026-02-01', 'Meals', 60.89, 'USD', 1, NULL),
(808, 87, '2026-02-02', 'Hotel', 267.89, 'USD', 1, NULL),
(809, 87, '2026-02-02', 'Meals', 72.24, 'USD', 1, NULL),
(810, 87, '2026-02-03', 'Hotel', 195.34, 'USD', 1, NULL),
(811, 87, '2026-02-03', 'Meals', 96.78, 'USD', 1, NULL),
(812, 87, '2026-02-04', 'Hotel', 316.39, 'USD', 1, NULL),
(813, 87, '2026-02-04', 'Meals', 41.55, 'USD', 1, NULL),
(814, 87, '2026-02-05', 'Hotel', 230.08, 'USD', 1, NULL),
(815, 87, '2026-02-05', 'Meals', 73.59, 'USD', 1, NULL),
(816, 87, '2026-02-06', 'Hotel', 252.03, 'USD', 1, NULL),
(817, 87, '2026-02-06', 'Meals', 83.91, 'USD', 1, NULL),
(818, 87, '2026-02-01', 'Airfare', 563.68, 'USD', 1, NULL),
(819, 88, '2025-09-22', 'Hotel', 194.77, 'USD', 1, NULL),
(820, 88, '2025-09-22', 'Meals', 56.82, 'USD', 1, NULL),
(821, 88, '2025-09-23', 'Hotel', 185.78, 'USD', 1, NULL),
(822, 88, '2025-09-23', 'Meals', 36.26, 'USD', 1, NULL),
(823, 88, '2025-09-24', 'Hotel', 148.01, 'USD', 1, NULL),
(824, 88, '2025-09-24', 'Meals', 58.77, 'USD', 1, NULL),
(825, 88, '2025-09-25', 'Hotel', 183.82, 'USD', 1, NULL),
(826, 88, '2025-09-25', 'Meals', 44.02, 'USD', 0, NULL),
(827, 88, '2025-09-26', 'Hotel', 169.3, 'USD', 1, NULL),
(828, 88, '2025-09-26', 'Meals', 49.65, 'USD', 1, NULL),
(829, 88, '2025-09-22', 'Airfare', 664.22, 'USD', 1, NULL),
(830, 89, '2026-03-26', 'Hotel', 160.39, 'USD', 1, NULL),
(831, 89, '2026-03-26', 'Meals', 50.36, 'USD', 1, NULL),
(832, 89, '2026-03-27', 'Hotel', 194.88, 'USD', 1, NULL),
(833, 89, '2026-03-27', 'Meals', 36.54, 'USD', 1, NULL),
(834, 89, '2026-03-28', 'Hotel', 152.67, 'USD', 1, NULL),
(835, 89, '2026-03-28', 'Meals', 42.43, 'USD', 1, NULL),
(836, 89, '2026-03-26', 'Airfare', 530.77, 'USD', 1, NULL),
(837, 89, '2026-03-26', 'Ground Transport', 55.62, 'USD', 1, NULL),
(838, 90, '2025-07-27', 'Hotel', 265.84, 'USD', 1, NULL),
(839, 90, '2025-07-27', 'Meals', 35.61, 'USD', 1, NULL),
(840, 90, '2025-07-28', 'Hotel', 183.96, 'USD', 1, NULL),
(841, 90, '2025-07-28', 'Meals', 74.85, 'USD', 1, NULL),
(842, 90, '2025-07-29', 'Hotel', 288.84, 'USD', 1, NULL),
(843, 90, '2025-07-29', 'Meals', 82.55, 'USD', 1, NULL),
(844, 90, '2025-07-30', 'Hotel', 146.96, 'USD', 1, NULL),
(845, 90, '2025-07-30', 'Meals', 47.19, 'USD', 1, NULL),
(846, 90, '2025-07-31', 'Hotel', 190.65, 'USD', 1, NULL),
(847, 90, '2025-07-31', 'Meals', 91.25, 'USD', 1, NULL),
(848, 90, '2025-08-01', 'Hotel', 315.34, 'USD', 1, NULL),
(849, 90, '2025-08-01', 'Meals', 87.48, 'USD', 1, NULL),
(850, 90, '2025-07-27', 'Airfare', 537.47, 'USD', 1, NULL),
(851, 90, '2025-07-30', 'Ground Transport', 19.18, 'USD', 1, NULL),
(852, 91, '2025-08-22', 'Hotel', 143.0, 'USD', 1, NULL),
(853, 91, '2025-08-22', 'Meals', 43.3, 'USD', 1, NULL),
(854, 91, '2025-08-23', 'Hotel', 180.5, 'USD', 1, NULL),
(855, 91, '2025-08-23', 'Meals', 33.19, 'USD', 1, NULL),
(856, 91, '2025-08-24', 'Hotel', 157.59, 'USD', 1, NULL),
(857, 91, '2025-08-24', 'Meals', 45.57, 'USD', 1, NULL),
(858, 91, '2025-08-25', 'Hotel', 142.14, 'USD', 1, NULL),
(859, 91, '2025-08-25', 'Meals', 53.91, 'USD', 1, NULL),
(860, 91, '2025-08-26', 'Hotel', 163.77, 'USD', 1, NULL),
(861, 91, '2025-08-26', 'Meals', 48.15, 'USD', 1, NULL),
(862, 91, '2025-08-27', 'Hotel', 148.68, 'USD', 1, NULL),
(863, 91, '2025-08-27', 'Meals', 58.61, 'USD', 1, NULL),
(864, 91, '2025-08-22', 'Airfare', 554.36, 'USD', 1, NULL),
(865, 92, '2025-08-19', 'Hotel', 271.9, 'USD', 1, NULL),
(866, 92, '2025-08-19', 'Meals', 73.88, 'USD', 1, NULL),
(867, 92, '2025-08-20', 'Hotel', 199.41, 'USD', 1, NULL),
(868, 92, '2025-08-20', 'Meals', 43.96, 'USD', 1, NULL),
(869, 92, '2025-08-21', 'Hotel', 256.8, 'USD', 1, NULL),
(870, 92, '2025-08-21', 'Meals', 46.37, 'USD', 1, NULL),
(871, 92, '2025-08-22', 'Hotel', 256.93, 'USD', 1, NULL),
(872, 92, '2025-08-22', 'Meals', 66.86, 'USD', 1, NULL),
(873, 92, '2025-08-19', 'Airfare', 922.57, 'USD', 1, NULL),
(874, 92, '2025-08-19', 'Ground Transport', 93.41, 'USD', 1, NULL),
(875, 93, '2025-10-07', 'Hotel', 232.41, 'USD', 1, NULL),
(876, 93, '2025-10-07', 'Meals', 49.83, 'USD', 1, NULL),
(877, 93, '2025-10-08', 'Hotel', 221.47, 'USD', 1, NULL),
(878, 93, '2025-10-08', 'Meals', 75.17, 'USD', 1, NULL),
(879, 93, '2025-10-09', 'Hotel', 263.11, 'USD', 1, NULL),
(880, 93, '2025-10-09', 'Meals', 60.59, 'USD', 1, NULL),
(881, 93, '2025-10-07', 'Airfare', 970.15, 'USD', 1, NULL),
(882, 94, '2025-07-22', 'Hotel', 219.26, 'USD', 1, NULL),
(883, 94, '2025-07-22', 'Meals', 65.63, 'USD', 1, NULL),
(884, 94, '2025-07-23', 'Hotel', 252.97, 'USD', 1, NULL),
(885, 94, '2025-07-23', 'Meals', 58.07, 'USD', 0, NULL),
(886, 94, '2025-07-24', 'Hotel', 230.8, 'USD', 1, NULL),
(887, 94, '2025-07-24', 'Meals', 52.71, 'USD', 1, NULL),
(888, 94, '2025-07-22', 'Airfare', 1678.33, 'USD', 1, NULL),
(889, 94, '2025-07-23', 'Ground Transport', 38.24, 'USD', 0, NULL),
(890, 95, '2025-12-14', 'Hotel', 176.68, 'USD', 1, NULL),
(891, 95, '2025-12-14', 'Meals', 86.98, 'USD', 1, NULL),
(892, 95, '2025-12-15', 'Hotel', 260.87, 'USD', 1, NULL),
(893, 95, '2025-12-15', 'Meals', 93.71, 'USD', 1, NULL),
(894, 95, '2025-12-16', 'Hotel', 265.11, 'USD', 1, NULL),
(895, 95, '2025-12-16', 'Meals', 51.83, 'USD', 0, NULL),
(896, 95, '2025-12-14', 'Airfare', 575.17, 'USD', 1, NULL),
(897, 96, '2026-05-19', 'Hotel', 257.36, 'USD', 1, NULL),
(898, 96, '2026-05-19', 'Meals', 75.55, 'USD', 1, NULL),
(899, 96, '2026-05-20', 'Hotel', 267.39, 'USD', 1, NULL),
(900, 96, '2026-05-20', 'Meals', 90.85, 'USD', 1, NULL),
(901, 96, '2026-05-21', 'Hotel', 264.06, 'USD', 1, NULL),
(902, 96, '2026-05-21', 'Meals', 76.99, 'USD', 1, NULL),
(903, 96, '2026-05-22', 'Hotel', 157.36, 'USD', 1, NULL),
(904, 96, '2026-05-22', 'Meals', 61.29, 'USD', 1, NULL),
(905, 96, '2026-05-23', 'Hotel', 311.04, 'USD', 1, NULL),
(906, 96, '2026-05-23', 'Meals', 55.04, 'USD', 1, NULL),
(907, 96, '2026-05-24', 'Hotel', 181.21, 'USD', 1, NULL),
(908, 96, '2026-05-24', 'Meals', 77.35, 'USD', 1, NULL),
(909, 96, '2026-05-19', 'Airfare', 772.48, 'USD', 1, NULL),
(910, 96, '2026-05-20', 'Ground Transport', 112.08, 'USD', 1, NULL),
(911, 97, '2026-06-12', 'Hotel', 140.2, 'USD', 1, NULL),
(912, 97, '2026-06-12', 'Meals', 54.82, 'USD', 1, NULL),
(913, 97, '2026-06-13', 'Hotel', 181.0, 'USD', 1, NULL),
(914, 97, '2026-06-13', 'Meals', 49.47, 'USD', 1, NULL),
(915, 97, '2026-06-14', 'Hotel', 165.1, 'USD', 1, NULL),
(916, 97, '2026-06-14', 'Meals', 33.35, 'USD', 1, NULL),
(917, 97, '2026-06-15', 'Hotel', 176.58, 'USD', 1, NULL),
(918, 97, '2026-06-15', 'Meals', 34.85, 'USD', 1, NULL),
(919, 97, '2026-06-16', 'Hotel', 164.53, 'USD', 0, NULL),
(920, 97, '2026-06-16', 'Meals', 50.34, 'USD', 1, NULL),
(921, 97, '2026-06-17', 'Hotel', 177.53, 'USD', 1, NULL),
(922, 97, '2026-06-17', 'Meals', 60.34, 'USD', 0, NULL),
(923, 97, '2026-06-12', 'Airfare', 658.98, 'USD', 1, NULL),
(924, 98, '2026-05-08', 'Hotel', 170.68, 'USD', 1, NULL),
(925, 98, '2026-05-08', 'Meals', 59.21, 'USD', 1, NULL),
(926, 98, '2026-05-09', 'Hotel', 183.38, 'USD', 1, NULL),
(927, 98, '2026-05-09', 'Meals', 46.31, 'USD', 1, NULL),
(928, 98, '2026-05-10', 'Hotel', 151.99, 'USD', 1, NULL),
(929, 98, '2026-05-10', 'Meals', 34.4, 'USD', 0, NULL),
(930, 98, '2026-05-11', 'Hotel', 174.66, 'USD', 1, NULL),
(931, 98, '2026-05-11', 'Meals', 52.5, 'USD', 1, NULL),
(932, 98, '2026-05-12', 'Hotel', 154.51, 'USD', 1, NULL),
(933, 98, '2026-05-12', 'Meals', 46.0, 'USD', 1, NULL),
(934, 98, '2026-05-13', 'Hotel', 188.22, 'USD', 1, NULL),
(935, 98, '2026-05-13', 'Meals', 58.01, 'USD', 1, NULL),
(936, 98, '2026-05-08', 'Airfare', 398.75, 'USD', 1, NULL),
(937, 99, '2026-05-10', 'Hotel', 184.92, 'USD', 1, NULL),
(938, 99, '2026-05-10', 'Meals', 81.52, 'USD', 1, NULL),
(939, 99, '2026-05-11', 'Hotel', 197.45, 'USD', 1, NULL),
(940, 99, '2026-05-11', 'Meals', 53.44, 'USD', 1, NULL),
(941, 99, '2026-05-10', 'Airfare', 741.78, 'USD', 1, NULL),
(942, 99, '2026-05-11', 'Ground Transport', 101.91, 'USD', 0, NULL),
(943, 100, '2025-12-16', 'Hotel', 183.51, 'USD', 0, NULL),
(944, 100, '2025-12-16', 'Meals', 44.18, 'USD', 1, NULL),
(945, 100, '2025-12-17', 'Hotel', 177.76, 'USD', 1, NULL),
(946, 100, '2025-12-17', 'Meals', 55.53, 'USD', 1, NULL),
(947, 100, '2025-12-18', 'Hotel', 190.82, 'USD', 1, NULL),
(948, 100, '2025-12-18', 'Meals', 49.46, 'USD', 1, NULL),
(949, 100, '2025-12-16', 'Airfare', 747.06, 'USD', 1, NULL),
(950, 100, '2025-12-16', 'Ground Transport', 83.94, 'USD', 0, NULL),
(951, 101, '2025-09-29', 'Hotel', 152.61, 'USD', 1, NULL),
(952, 101, '2025-09-29', 'Meals', 51.28, 'USD', 0, NULL),
(953, 101, '2025-09-30', 'Hotel', 193.95, 'USD', 1, NULL),
(954, 101, '2025-09-30', 'Meals', 39.66, 'USD', 1, NULL),
(955, 101, '2025-10-01', 'Hotel', 157.72, 'USD', 1, NULL),
(956, 101, '2025-10-01', 'Meals', 55.53, 'USD', 1, NULL),
(957, 101, '2025-10-02', 'Hotel', 174.09, 'USD', 1, NULL),
(958, 101, '2025-10-02', 'Meals', 54.77, 'USD', 1, NULL),
(959, 101, '2025-10-03', 'Hotel', 157.31, 'USD', 1, NULL),
(960, 101, '2025-10-03', 'Meals', 43.35, 'USD', 1, NULL),
(961, 101, '2025-10-04', 'Hotel', 157.47, 'USD', 1, NULL),
(962, 101, '2025-10-04', 'Meals', 37.13, 'USD', 1, NULL),
(963, 101, '2025-09-29', 'Airfare', 566.96, 'USD', 1, NULL),
(964, 101, '2025-10-04', 'Ground Transport', 45.96, 'USD', 1, NULL),
(965, 102, '2026-06-10', 'Hotel', 176.45, 'USD', 1, NULL),
(966, 102, '2026-06-10', 'Meals', 39.17, 'USD', 1, NULL),
(967, 102, '2026-06-11', 'Hotel', 262.77, 'USD', 1, NULL),
(968, 102, '2026-06-11', 'Meals', 83.9, 'USD', 1, NULL),
(969, 102, '2026-06-12', 'Hotel', 198.34, 'USD', 1, NULL),
(970, 102, '2026-06-12', 'Meals', 81.33, 'USD', 1, NULL),
(971, 102, '2026-06-13', 'Hotel', 178.9, 'USD', 1, NULL),
(972, 102, '2026-06-13', 'Meals', 88.89, 'USD', 0, NULL),
(973, 102, '2026-06-10', 'Airfare', 384.12, 'USD', 1, NULL),
(974, 102, '2026-06-10', 'Ground Transport', 30.76, 'USD', 1, NULL),
(975, 103, '2026-06-26', 'Hotel', 161.39, 'USD', 1, NULL),
(976, 103, '2026-06-26', 'Meals', 59.2, 'USD', 1, NULL),
(977, 103, '2026-06-27', 'Hotel', 190.4, 'USD', 1, NULL),
(978, 103, '2026-06-27', 'Meals', 55.41, 'USD', 1, NULL),
(979, 103, '2026-06-28', 'Hotel', 153.7, 'USD', 1, NULL),
(980, 103, '2026-06-28', 'Meals', 51.93, 'USD', 1, NULL),
(981, 103, '2026-06-29', 'Hotel', 145.93, 'USD', 1, NULL),
(982, 103, '2026-06-29', 'Meals', 34.47, 'USD', 1, NULL),
(983, 103, '2026-06-30', 'Hotel', 172.09, 'USD', 1, NULL),
(984, 103, '2026-06-30', 'Meals', 58.02, 'USD', 1, NULL),
(985, 103, '2026-06-26', 'Airfare', 260.86, 'USD', 1, NULL),
(986, 103, '2026-06-27', 'Ground Transport', 41.04, 'USD', 1, NULL),
(987, 104, '2026-04-21', 'Hotel', 250.67, 'USD', 1, NULL),
(988, 104, '2026-04-21', 'Meals', 68.88, 'USD', 1, NULL),
(989, 104, '2026-04-22', 'Hotel', 199.38, 'USD', 1, NULL),
(990, 104, '2026-04-22', 'Meals', 63.61, 'USD', 0, NULL),
(991, 104, '2026-04-23', 'Hotel', 211.96, 'USD', 1, NULL),
(992, 104, '2026-04-23', 'Meals', 44.94, 'USD', 1, NULL),
(993, 104, '2026-04-24', 'Hotel', 239.89, 'USD', 1, NULL),
(994, 104, '2026-04-24', 'Meals', 51.21, 'USD', 1, NULL),
(995, 104, '2026-04-25', 'Hotel', 244.83, 'USD', 1, NULL),
(996, 104, '2026-04-25', 'Meals', 63.04, 'USD', 1, NULL),
(997, 104, '2026-04-21', 'Airfare', 814.98, 'USD', 1, NULL),
(998, 105, '2026-01-20', 'Hotel', 247.77, 'USD', 1, NULL),
(999, 105, '2026-01-20', 'Meals', 86.3, 'USD', 1, NULL),
(1000, 105, '2026-01-21', 'Hotel', 309.79, 'USD', 1, NULL);
INSERT INTO `travel_expenses` (`expense_id`, `travel_request_id`, `expense_date`, `expense_type`, `amount`, `currency`, `receipt_provided`, `notes`) VALUES
(1001, 105, '2026-01-21', 'Meals', 38.2, 'USD', 1, NULL),
(1002, 105, '2026-01-22', 'Hotel', 297.91, 'USD', 1, NULL),
(1003, 105, '2026-01-22', 'Meals', 84.69, 'USD', 1, NULL),
(1004, 105, '2026-01-23', 'Hotel', 308.05, 'USD', 1, NULL),
(1005, 105, '2026-01-23', 'Meals', 40.55, 'USD', 1, NULL),
(1006, 105, '2026-01-24', 'Hotel', 166.4, 'USD', 1, NULL),
(1007, 105, '2026-01-24', 'Meals', 96.83, 'USD', 1, NULL),
(1008, 105, '2026-01-20', 'Airfare', 339.09, 'USD', 1, NULL),
(1009, 105, '2026-01-23', 'Ground Transport', 60.36, 'USD', 1, NULL),
(1010, 106, '2025-08-18', 'Hotel', 181.22, 'USD', 1, NULL),
(1011, 106, '2025-08-18', 'Meals', 79.49, 'USD', 1, NULL),
(1012, 106, '2025-08-19', 'Hotel', 291.63, 'USD', 1, NULL),
(1013, 106, '2025-08-19', 'Meals', 38.65, 'USD', 1, NULL),
(1014, 106, '2025-08-20', 'Hotel', 245.46, 'USD', 1, NULL),
(1015, 106, '2025-08-20', 'Meals', 84.93, 'USD', 1, NULL),
(1016, 106, '2025-08-21', 'Hotel', 295.38, 'USD', 1, NULL),
(1017, 106, '2025-08-21', 'Meals', 40.19, 'USD', 1, NULL),
(1018, 106, '2025-08-22', 'Hotel', 295.4, 'USD', 1, NULL),
(1019, 106, '2025-08-22', 'Meals', 86.15, 'USD', 1, NULL),
(1020, 106, '2025-08-18', 'Airfare', 224.14, 'USD', 1, NULL),
(1021, 107, '2025-07-06', 'Hotel', 164.53, 'USD', 1, NULL),
(1022, 107, '2025-07-06', 'Meals', 92.78, 'USD', 1, NULL),
(1023, 107, '2025-07-07', 'Hotel', 304.93, 'USD', 0, NULL),
(1024, 107, '2025-07-07', 'Meals', 86.01, 'USD', 1, NULL),
(1025, 107, '2025-07-08', 'Hotel', 187.85, 'USD', 1, NULL),
(1026, 107, '2025-07-08', 'Meals', 75.67, 'USD', 1, NULL),
(1027, 107, '2025-07-06', 'Airfare', 907.29, 'USD', 1, NULL),
(1028, 107, '2025-07-08', 'Ground Transport', 114.96, 'USD', 1, NULL),
(1029, 108, '2026-05-09', 'Hotel', 197.58, 'USD', 1, NULL),
(1030, 108, '2026-05-09', 'Meals', 39.81, 'USD', 1, NULL),
(1031, 108, '2026-05-10', 'Hotel', 175.17, 'USD', 0, NULL),
(1032, 108, '2026-05-10', 'Meals', 34.14, 'USD', 1, NULL),
(1033, 108, '2026-05-11', 'Hotel', 172.27, 'USD', 1, NULL),
(1034, 108, '2026-05-11', 'Meals', 40.81, 'USD', 1, NULL),
(1035, 108, '2026-05-09', 'Airfare', 863.02, 'USD', 1, NULL),
(1036, 108, '2026-05-09', 'Ground Transport', 117.6, 'USD', 1, NULL),
(1037, 109, '2026-05-15', 'Hotel', 245.54, 'USD', 1, NULL),
(1038, 109, '2026-05-15', 'Meals', 63.99, 'USD', 1, NULL),
(1039, 109, '2026-05-16', 'Hotel', 223.54, 'USD', 1, NULL),
(1040, 109, '2026-05-16', 'Meals', 67.77, 'USD', 1, NULL),
(1041, 109, '2026-05-17', 'Hotel', 264.65, 'USD', 1, NULL),
(1042, 109, '2026-05-17', 'Meals', 47.87, 'USD', 1, NULL),
(1043, 109, '2026-05-18', 'Hotel', 269.14, 'USD', 1, NULL),
(1044, 109, '2026-05-18', 'Meals', 70.77, 'USD', 1, NULL),
(1045, 109, '2026-05-19', 'Hotel', 226.34, 'USD', 1, NULL),
(1046, 109, '2026-05-19', 'Meals', 71.08, 'USD', 1, NULL),
(1047, 109, '2026-05-15', 'Airfare', 818.15, 'USD', 1, NULL),
(1048, 109, '2026-05-17', 'Ground Transport', 53.03, 'USD', 1, NULL),
(1049, 110, '2026-02-14', 'Hotel', 337.02, 'USD', 1, NULL),
(1050, 110, '2026-02-14', 'Meals', 95.13, 'USD', 1, NULL),
(1051, 110, '2026-02-15', 'Hotel', 324.04, 'USD', 1, NULL),
(1052, 110, '2026-02-15', 'Meals', 120.64, 'USD', 1, NULL),
(1053, 110, '2026-02-16', 'Hotel', 401.93, 'USD', 1, NULL),
(1054, 110, '2026-02-16', 'Meals', 64.12, 'USD', 1, NULL),
(1055, 110, '2026-02-17', 'Hotel', 240.67, 'USD', 1, NULL),
(1056, 110, '2026-02-17', 'Meals', 45.86, 'USD', 1, NULL),
(1057, 110, '2026-02-18', 'Hotel', 279.41, 'USD', 1, NULL),
(1058, 110, '2026-02-18', 'Meals', 108.84, 'USD', 1, NULL),
(1059, 110, '2026-02-14', 'Airfare', 1366.96, 'USD', 1, NULL),
(1060, 111, '2026-05-22', 'Hotel', 277.49, 'USD', 1, NULL),
(1061, 111, '2026-05-22', 'Meals', 72.06, 'USD', 1, NULL),
(1062, 111, '2026-05-23', 'Hotel', 140.38, 'USD', 0, NULL),
(1063, 111, '2026-05-23', 'Meals', 78.23, 'USD', 1, NULL),
(1064, 111, '2026-05-22', 'Airfare', 712.41, 'USD', 1, NULL),
(1065, 111, '2026-05-23', 'Ground Transport', 63.06, 'USD', 1, NULL),
(1066, 112, '2025-12-03', 'Hotel', 256.05, 'USD', 1, NULL),
(1067, 112, '2025-12-03', 'Meals', 49.72, 'USD', 1, NULL),
(1068, 112, '2025-12-04', 'Hotel', 221.91, 'USD', 1, NULL),
(1069, 112, '2025-12-04', 'Meals', 62.9, 'USD', 1, NULL),
(1070, 112, '2025-12-03', 'Airfare', 447.84, 'USD', 1, NULL),
(1071, 112, '2025-12-04', 'Ground Transport', 51.59, 'USD', 0, NULL),
(1072, 113, '2026-01-26', 'Hotel', 179.49, 'USD', 1, NULL),
(1073, 113, '2026-01-26', 'Meals', 37.28, 'USD', 1, NULL),
(1074, 113, '2026-01-27', 'Hotel', 153.98, 'USD', 1, NULL),
(1075, 113, '2026-01-27', 'Meals', 55.09, 'USD', 0, NULL),
(1076, 113, '2026-01-28', 'Hotel', 192.66, 'USD', 1, NULL),
(1077, 113, '2026-01-28', 'Meals', 36.1, 'USD', 1, NULL),
(1078, 113, '2026-01-29', 'Hotel', 141.53, 'USD', 1, NULL),
(1079, 113, '2026-01-29', 'Meals', 57.49, 'USD', 1, NULL),
(1080, 113, '2026-01-26', 'Airfare', 255.93, 'USD', 1, NULL),
(1081, 113, '2026-01-26', 'Ground Transport', 35.86, 'USD', 1, NULL),
(1082, 114, '2026-02-11', 'Hotel', 210.71, 'USD', 1, NULL),
(1083, 114, '2026-02-11', 'Meals', 47.16, 'USD', 1, NULL),
(1084, 114, '2026-02-12', 'Hotel', 237.09, 'USD', 1, NULL),
(1085, 114, '2026-02-12', 'Meals', 127.0, 'USD', 1, NULL),
(1086, 114, '2026-02-11', 'Airfare', 868.85, 'USD', 1, NULL),
(1087, 114, '2026-02-11', 'Ground Transport', 26.76, 'USD', 1, NULL),
(1088, 115, '2026-01-04', 'Hotel', 231.28, 'USD', 1, NULL),
(1089, 115, '2026-01-04', 'Meals', 46.33, 'USD', 1, NULL),
(1090, 115, '2026-01-05', 'Hotel', 222.04, 'USD', 1, NULL),
(1091, 115, '2026-01-05', 'Meals', 78.68, 'USD', 1, NULL),
(1092, 115, '2026-01-04', 'Airfare', 697.38, 'USD', 1, NULL),
(1093, 116, '2025-11-17', 'Hotel', 188.61, 'USD', 1, NULL),
(1094, 116, '2025-11-17', 'Meals', 32.96, 'USD', 1, NULL),
(1095, 116, '2025-11-18', 'Hotel', 183.78, 'USD', 1, NULL),
(1096, 116, '2025-11-18', 'Meals', 33.83, 'USD', 1, NULL),
(1097, 116, '2025-11-19', 'Hotel', 150.64, 'USD', 0, NULL),
(1098, 116, '2025-11-19', 'Meals', 47.67, 'USD', 1, NULL),
(1099, 116, '2025-11-20', 'Hotel', 168.19, 'USD', 0, NULL),
(1100, 116, '2025-11-20', 'Meals', 49.94, 'USD', 1, NULL),
(1101, 116, '2025-11-21', 'Hotel', 184.39, 'USD', 1, NULL),
(1102, 116, '2025-11-21', 'Meals', 50.56, 'USD', 1, NULL),
(1103, 116, '2025-11-17', 'Airfare', 526.04, 'USD', 1, NULL),
(1104, 116, '2025-11-18', 'Ground Transport', 69.45, 'USD', 1, NULL),
(1105, 117, '2025-11-11', 'Hotel', 195.5, 'USD', 1, NULL),
(1106, 117, '2025-11-11', 'Meals', 33.38, 'USD', 1, NULL),
(1107, 117, '2025-11-12', 'Hotel', 164.22, 'USD', 1, NULL),
(1108, 117, '2025-11-12', 'Meals', 57.11, 'USD', 1, NULL),
(1109, 117, '2025-11-13', 'Hotel', 141.71, 'USD', 0, NULL),
(1110, 117, '2025-11-13', 'Meals', 33.33, 'USD', 1, NULL),
(1111, 117, '2025-11-11', 'Airfare', 756.51, 'USD', 1, NULL),
(1112, 117, '2025-11-13', 'Ground Transport', 57.8, 'USD', 1, NULL),
(1113, 118, '2025-08-20', 'Hotel', 210.26, 'USD', 1, NULL),
(1114, 118, '2025-08-20', 'Meals', 55.84, 'USD', 1, NULL),
(1115, 118, '2025-08-21', 'Hotel', 231.27, 'USD', 1, NULL),
(1116, 118, '2025-08-21', 'Meals', 79.55, 'USD', 1, NULL),
(1117, 118, '2025-08-20', 'Airfare', 941.41, 'USD', 1, NULL),
(1118, 119, '2026-02-22', 'Hotel', 191.41, 'USD', 1, NULL),
(1119, 119, '2026-02-22', 'Meals', 32.52, 'USD', 1, NULL),
(1120, 119, '2026-02-23', 'Hotel', 193.97, 'USD', 1, NULL),
(1121, 119, '2026-02-23', 'Meals', 41.94, 'USD', 1, NULL),
(1122, 119, '2026-02-22', 'Airfare', 918.54, 'USD', 1, NULL),
(1123, 120, '2025-09-21', 'Hotel', 169.57, 'USD', 1, NULL),
(1124, 120, '2025-09-21', 'Meals', 92.44, 'USD', 1, NULL),
(1125, 120, '2025-09-22', 'Hotel', 179.55, 'USD', 1, NULL),
(1126, 120, '2025-09-22', 'Meals', 40.76, 'USD', 1, NULL),
(1127, 120, '2025-09-21', 'Airfare', 402.99, 'USD', 1, NULL),
(1128, 121, '2026-03-05', 'Hotel', 396.44, 'USD', 1, NULL),
(1129, 121, '2026-03-05', 'Meals', 124.08, 'USD', 1, NULL),
(1130, 121, '2026-03-06', 'Hotel', 414.79, 'USD', 1, NULL),
(1131, 121, '2026-03-06', 'Meals', 71.11, 'USD', 1, NULL),
(1132, 121, '2026-03-07', 'Hotel', 262.71, 'USD', 0, NULL),
(1133, 121, '2026-03-07', 'Meals', 66.77, 'USD', 1, NULL),
(1134, 121, '2026-03-08', 'Hotel', 382.58, 'USD', 1, NULL),
(1135, 121, '2026-03-08', 'Meals', 49.68, 'USD', 1, NULL),
(1136, 121, '2026-03-05', 'Airfare', 929.03, 'USD', 1, NULL),
(1137, 122, '2025-11-03', 'Hotel', 155.77, 'USD', 1, NULL),
(1138, 122, '2025-11-03', 'Meals', 54.29, 'USD', 1, NULL),
(1139, 122, '2025-11-04', 'Hotel', 170.87, 'USD', 1, NULL),
(1140, 122, '2025-11-04', 'Meals', 61.65, 'USD', 1, NULL),
(1141, 122, '2025-11-03', 'Airfare', 468.92, 'USD', 1, NULL),
(1142, 123, '2025-12-19', 'Hotel', 234.33, 'USD', 1, NULL),
(1143, 123, '2025-12-19', 'Meals', 75.25, 'USD', 1, NULL),
(1144, 123, '2025-12-20', 'Hotel', 218.08, 'USD', 1, NULL),
(1145, 123, '2025-12-20', 'Meals', 58.81, 'USD', 0, NULL),
(1146, 123, '2025-12-21', 'Hotel', 241.64, 'USD', 1, NULL),
(1147, 123, '2025-12-21', 'Meals', 79.8, 'USD', 1, NULL),
(1148, 123, '2025-12-22', 'Hotel', 206.1, 'USD', 1, NULL),
(1149, 123, '2025-12-22', 'Meals', 47.33, 'USD', 1, NULL),
(1150, 123, '2025-12-19', 'Airfare', 990.67, 'USD', 1, NULL),
(1151, 123, '2025-12-20', 'Ground Transport', 113.65, 'USD', 1, NULL),
(1152, 124, '2026-04-18', 'Hotel', 275.06, 'USD', 1, NULL),
(1153, 124, '2026-04-18', 'Meals', 49.95, 'USD', 1, NULL),
(1154, 124, '2026-04-19', 'Hotel', 214.64, 'USD', 0, NULL),
(1155, 124, '2026-04-19', 'Meals', 70.55, 'USD', 1, NULL),
(1156, 124, '2026-04-18', 'Airfare', 1185.63, 'USD', 1, NULL),
(1157, 124, '2026-04-19', 'Ground Transport', 105.29, 'USD', 1, NULL),
(1158, 125, '2025-08-01', 'Hotel', 181.62, 'USD', 1, NULL),
(1159, 125, '2025-08-01', 'Meals', 37.38, 'USD', 1, NULL),
(1160, 125, '2025-08-02', 'Hotel', 180.82, 'USD', 1, NULL),
(1161, 125, '2025-08-02', 'Meals', 57.62, 'USD', 1, NULL),
(1162, 125, '2025-08-03', 'Hotel', 195.84, 'USD', 1, NULL),
(1163, 125, '2025-08-03', 'Meals', 48.32, 'USD', 1, NULL),
(1164, 125, '2025-08-04', 'Hotel', 165.44, 'USD', 1, NULL),
(1165, 125, '2025-08-04', 'Meals', 33.93, 'USD', 1, NULL),
(1166, 125, '2025-08-05', 'Hotel', 164.05, 'USD', 1, NULL),
(1167, 125, '2025-08-05', 'Meals', 47.76, 'USD', 1, NULL),
(1168, 125, '2025-08-06', 'Hotel', 168.59, 'USD', 1, NULL),
(1169, 125, '2025-08-06', 'Meals', 53.61, 'USD', 1, NULL),
(1170, 125, '2025-08-01', 'Airfare', 274.66, 'USD', 1, NULL),
(1171, 126, '2026-06-14', 'Hotel', 213.54, 'USD', 1, NULL),
(1172, 126, '2026-06-14', 'Meals', 65.22, 'USD', 0, NULL),
(1173, 126, '2026-06-15', 'Hotel', 259.43, 'USD', 1, NULL),
(1174, 126, '2026-06-15', 'Meals', 60.9, 'USD', 1, NULL),
(1175, 126, '2026-06-16', 'Hotel', 277.66, 'USD', 1, NULL),
(1176, 126, '2026-06-16', 'Meals', 79.92, 'USD', 1, NULL),
(1177, 126, '2026-06-17', 'Hotel', 209.39, 'USD', 1, NULL),
(1178, 126, '2026-06-17', 'Meals', 65.12, 'USD', 1, NULL),
(1179, 126, '2026-06-14', 'Airfare', 856.44, 'USD', 1, NULL),
(1180, 126, '2026-06-17', 'Ground Transport', 114.65, 'USD', 0, NULL),
(1181, 127, '2026-03-11', 'Hotel', 258.13, 'USD', 1, NULL),
(1182, 127, '2026-03-11', 'Meals', 59.46, 'USD', 1, NULL),
(1183, 127, '2026-03-12', 'Hotel', 361.21, 'USD', 1, NULL),
(1184, 127, '2026-03-12', 'Meals', 115.95, 'USD', 1, NULL),
(1185, 127, '2026-03-13', 'Hotel', 206.49, 'USD', 1, NULL),
(1186, 127, '2026-03-13', 'Meals', 45.19, 'USD', 1, NULL),
(1187, 127, '2026-03-14', 'Hotel', 446.48, 'USD', 1, NULL),
(1188, 127, '2026-03-14', 'Meals', 109.36, 'USD', 1, NULL),
(1189, 127, '2026-03-11', 'Airfare', 1547.38, 'USD', 1, NULL),
(1190, 128, '2026-01-06', 'Hotel', 259.71, 'USD', 1, NULL),
(1191, 128, '2026-01-06', 'Meals', 46.44, 'USD', 1, NULL),
(1192, 128, '2026-01-07', 'Hotel', 246.68, 'USD', 1, NULL),
(1193, 128, '2026-01-07', 'Meals', 56.37, 'USD', 1, NULL),
(1194, 128, '2026-01-08', 'Hotel', 251.85, 'USD', 1, NULL),
(1195, 128, '2026-01-08', 'Meals', 79.34, 'USD', 1, NULL),
(1196, 128, '2026-01-06', 'Airfare', 1234.41, 'USD', 1, NULL),
(1197, 129, '2026-06-05', 'Hotel', 353.71, 'USD', 1, NULL),
(1198, 129, '2026-06-05', 'Meals', 58.55, 'USD', 1, NULL),
(1199, 129, '2026-06-06', 'Hotel', 423.55, 'USD', 1, NULL),
(1200, 129, '2026-06-06', 'Meals', 61.43, 'USD', 1, NULL);
INSERT INTO `travel_expenses` (`expense_id`, `travel_request_id`, `expense_date`, `expense_type`, `amount`, `currency`, `receipt_provided`, `notes`) VALUES
(1201, 129, '2026-06-07', 'Hotel', 204.73, 'USD', 1, NULL),
(1202, 129, '2026-06-07', 'Meals', 63.95, 'USD', 1, NULL),
(1203, 129, '2026-06-08', 'Hotel', 239.59, 'USD', 1, NULL),
(1204, 129, '2026-06-08', 'Meals', 65.51, 'USD', 1, NULL),
(1205, 129, '2026-06-09', 'Hotel', 336.8, 'USD', 1, NULL),
(1206, 129, '2026-06-09', 'Meals', 56.3, 'USD', 1, NULL),
(1207, 129, '2026-06-05', 'Airfare', 950.28, 'USD', 1, NULL),
(1208, 129, '2026-06-08', 'Ground Transport', 93.15, 'USD', 1, NULL),
(1209, 130, '2026-03-26', 'Hotel', 174.4, 'USD', 1, NULL),
(1210, 130, '2026-03-26', 'Meals', 60.0, 'USD', 1, NULL),
(1211, 130, '2026-03-27', 'Hotel', 177.69, 'USD', 1, NULL),
(1212, 130, '2026-03-27', 'Meals', 52.07, 'USD', 0, NULL),
(1213, 130, '2026-03-28', 'Hotel', 174.02, 'USD', 0, NULL),
(1214, 130, '2026-03-28', 'Meals', 60.17, 'USD', 0, NULL),
(1215, 130, '2026-03-29', 'Hotel', 195.24, 'USD', 1, NULL),
(1216, 130, '2026-03-29', 'Meals', 53.82, 'USD', 1, NULL),
(1217, 130, '2026-03-26', 'Airfare', 405.07, 'USD', 1, NULL);

-- incentive_payouts: 10 rows
INSERT INTO `incentive_payouts` (`payout_id`, `employee_id`, `period`, `bonus_amount`, `reason`, `approved_by`) VALUES
(1, 1, '2025-Q3', 12574.87, 'Quarterly team target bonus', 1),
(2, 1, '2025-Q4', 7458.72, 'Quarterly team target bonus', 15),
(3, 1, '2026-Q1', 6322.46, 'Quarterly team target bonus', 15),
(4, 1, '2026-Q2', 6686.56, 'Quarterly team target bonus', 15),
(5, 2, '2025-Q3', 6336.31, 'Quarterly team target bonus', 15),
(6, 2, '2025-Q4', 10710.67, 'Quarterly team target bonus', 15),
(7, 2, '2026-Q1', 8554.59, 'Quarterly team target bonus', 15),
(8, 2, '2026-Q2', 14195.85, 'Quarterly team target bonus', 2),
(9, 3, '2025-Q4', 6316.95, 'Quarterly team target bonus', 15),
(10, 3, '2026-Q2', 10320.16, 'Quarterly team target bonus', 15);

SET FOREIGN_KEY_CHECKS = 1;
